population,median_income,total_housing_units,state_code,county_code,year
59285,69841,24731,01,001,2023
239945,75019,128518,01,003,2023
24757,44290,11702,01,005,2023
22152,51215,9090,01,007,2023
59292,61096,24793,01,009,2023
10157,36723,4554,01,011,2023
18807,44881,9841,01,013,2023
116141,55826,53271,01,015,2023
34450,49295,16427,01,017,2023
25224,50769,14663,01,019,2023
45500,61873,19702,01,021,2023
12525,44483,7164,01,023,2023
22802,49167,11727,01,025,2023
14188,51852,7072,01,027,2023
15254,53319,6853,01,029,2023
54231,64672,24399,01,031,2023
57648,56736,27887,01,033,2023
11411,42266,6444,01,035,2023
10323,57063,6042,01,037,2023
37647,50886,18676,01,039,2023
13144,49040,6562,01,041,2023
89463,60916,39538,01,043,2023
49516,53955,22910,01,045,2023
37536,36810,18949,01,047,2023
71946,51149,30853,01,049,2023
88669,75553,37085,01,051,2023
36695,44447,16759,01,053,2023
103208,53070,47487,01,055,2023
16173,50733,7798,01,057,2023
31978,51493,13965,01,059,2023
26726,50951,12555,01,061,2023
7589,31495,4258,01,063,2023
14749,41325,7514,01,065,2023
17450,60135,9151,01,067,2023
107628,57531,49774,01,069,2023
52839,49454,24797,01,071,2023
669744,64589,309542,01,073,2023
13809,47447,7107,01,075,2023
95037,59082,44801,01,077,2023
33182,60040,15317,01,079,2023
177663,61123,77509,01,081,2023
107577,83534,43487,01,083,2023
10008,35160,4827,01,085,2023
18951,45951,9664,01,087,2023
397135,83528,174709,01,089,2023
19027,44205,9837,01,091,2023
29190,50714,14156,01,093,2023
98712,60946,41531,01,095,2023
413162,58119,185413,01,097,2023
19580,40225,10193,01,099,2023
227197,58153,105799,01,101,2023
123742,64858,53569,01,103,2023
8231,34368,3961,01,105,2023
18843,47014,8726,01,107,2023
32953,47961,16124,01,109,2023
22310,51551,12461,01,111,2023
58858,50046,27531,01,113,2023
92903,78993,38667,01,115,2023
226955,93543,90805,01,117,2023
12020,37981,6329,01,119,2023
81170,56249,38285,01,121,2023
41070,57185,22967,01,123,2023
234036,63947,102935,01,125,2023
64886,54509,30230,01,127,2023
15270,60503,7774,01,129,2023
10347,42236,5314,01,131,2023
23637,48032,13111,01,133,2023
3423,72692,1174,02,013,2023
5178,107344,1391,02,016,2023
289069,98152,119717,02,020,2023
18487,70616,6009,02,050,2023
878,100625,831,02,060,2023
6964,88565,3745,02,063,2023
2626,75053,2597,02,066,2023
2029,88935,1306,02,068,2023
4780,74250,2416,02,070,2023
95555,84722,42695,02,090,2023
2077,72607,1401,02,100,2023
2313,62500,1741,02,105,2023
31969,100513,14170,02,110,2023
59843,77722,32707,02,122,2023
13870,89155,6659,02,130,2023
12878,83716,5840,02,150,2023
8277,48233,2341,02,158,2023
1007,64000,1355,02,164,2023
110677,90625,50922,02,170,2023
9925,76643,4109,02,180,2023
10891,86313,2640,02,185,2023
7611,81298,2744,02,188,2023
3394,77026,1871,02,195,2023
5730,59079,3237,02,198,2023
8393,101207,4167,02,220,2023
1308,78594,656,02,230,2023
6936,74223,3520,02,240,2023
2106,64545,1300,02,275,2023
506,80625,391,02,282,2023
5271,52642,3958,02,290,2023
65680,40338,29001,04,001,2023
125458,58970,59312,04,003,2023
144643,69748,69907,04,005,2023
53610,59089,32614,04,007,2023
38860,67326,13941,04,009,2023
9452,75239,4422,04,011,2023
16605,49506,13653,04,012,2023
4491987,85518,1850862,04,013,2023
217420,55799,119593,04,015,2023
107744,52752,56946,04,017,2023
1049947,67929,475378,04,019,2023
449219,77588,179861,04,021,2023
48209,53614,18997,04,023,2023
241656,66106,124032,04,025,2023
207685,60417,93924,04,027,2023
16773,60831,8697,05,001,2023
18722,44481,9401,05,003,2023
42150,48427,22836,05,005,2023
294541,89879,118496,05,007,2023
37896,54195,17395,05,009,2023
10354,39565,5082,05,011,2023
4717,63654,2468,05,013,2023
28526,55187,13916,05,015,2023
9997,39683,5114,05,017,2023
21378,50985,10012,05,019,2023
14399,48500,7499,05,021,2023
25048,55979,15641,05,023,2023
7491,50509,3598,05,025,2023
22527,47363,11032,05,027,2023
20872,51212,9681,05,029,2023
112097,57615,47983,05,031,2023
60792,60362,25509,05,033,2023
47609,54271,21367,05,035,2023
16681,47012,7581,05,037,2023
6351,44694,3490,05,039,2023
11041,36064,5812,05,041,2023
17143,41071,8292,05,043,2023
126001,65071,52862,05,045,2023
17220,51919,7751,05,047,2023
12239,38941,6218,05,049,2023
100062,55409,52570,05,051,2023
18111,72512,7907,05,053,2023
46182,56793,19420,05,055,2023
19778,47654,9638,05,057,2023
33142,52644,14259,05,059,2023
12701,44492,6162,05,061,2023
38120,56009,16740,05,063,2023
13866,47728,6749,05,065,2023
16775,41215,7106,05,067,2023
65780,48552,30710,05,069,2023
25932,44808,11523,05,071,2023
6211,37237,3940,05,073,2023
16265,44164,7585,05,075,2023
8511,36860,3707,05,077,2023
12966,51667,4398,05,079,2023
11959,52241,6071,05,081,2023
21240,54237,9762,05,083,2023
74747,71449,30566,05,085,2023
17032,53888,7699,05,087,2023
17076,46953,9623,05,089,2023
42588,49983,19810,05,091,2023
39749,53428,19126,05,093,2023
6681,43955,3843,05,095,2023
8571,49015,5469,05,097,2023
8228,41761,4318,05,099,2023
7175,47395,4107,05,101,2023
22317,49838,11870,05,103,2023
10073,60078,4952,05,105,2023
15910,38874,8386,05,107,2023
10182,51000,5319,05,109,2023
22740,47188,10418,05,111,2023
19348,49252,9647,05,113,2023
63830,54606,27033,05,115,2023
8162,51094,4093,05,117,2023
398949,60385,192085,05,119,2023
18733,52838,8620,05,121,2023
22740,41784,9583,05,123,2023
125724,76534,52468,05,125,2023
9839,45955,4873,05,127,2023
7861,41978,4721,05,129,2023
128448,56450,57197,05,131,2023
15797,51641,6768,05,133,2023
17597,42950,9515,05,135,2023
12474,38531,6820,05,137,2023
38368,50221,18663,05,139,2023
15936,47266,9724,05,141,2023
251863,66426,103174,05,143,2023
77395,53435,33622,05,145,2023
6157,49982,3272,05,147,2023
20195,58870,9300,05,149,2023
1651949,126240,630726,06,001,2023
1695,110781,1587,06,003,2023
41029,81526,18919,06,005,2023
209470,68574,91176,06,007,2023
45995,79877,27579,06,009,2023
21895,75149,8157,06,011,2023
1161458,125727,426585,06,013,2023
27293,66780,11156,06,015,2023
192299,106190,94258,06,017,2023
1012152,71434,342003,06,019,2023
28623,70487,10973,06,021,2023
135418,61135,62625,06,023,2023
179319,56393,57511,06,025,2023
18803,72432,9500,06,027,2023
910433,67660,304481,06,029,2023
152830,68750,46695,06,031,2023
68139,58738,34271,06,033,2023
31177,64395,12232,06,035,2023
9848406,87760,3624084,06,037,2023
158790,75496,50368,06,039,2023
258765,142785,111860,06,041,2023
17060,65378,9796,06,043,2023
90709,64688,41495,06,045,2023
285597,65044,89610,06,047,2023
8646,56648,4774,06,049,2023
13169,86953,13632,06,051,2023
435834,94486,144659,06,053,2023
136070,108970,55601,06,055,2023
102452,84905,53981,06,057,2023
3164063,113702,1138473,06,059,2023
412435,114678,176233,06,061,2023
19607,64946,15037,06,063,2023
2449909,89672,860042,06,065,2023
1584047,88724,593616,06,067,2023
66056,108289,20937,06,069,2023
2187816,82184,738535,06,071,2023
3282782,102285,1240607,06,073,2023
836321,141446,411542,06,075,2023
787416,88531,256826,06,077,2023
281486,93398,124871,06,079,2023
745100,156000,285558,06,081,2023
443975,95977,159766,06,083,2023
1903297,159674,694209,06,085,2023
266021,109266,106635,06,087,2023
181554,71931,79748,06,089,2023
2731,60000,2099,06,091,2023
43834,55499,23066,06,093,2023
450824,99994,163455,06,095,2023
485642,102840,206319,06,097,2023
552250,79661,184240,06,099,2023
98971,75450,34681,06,101,2023
65520,61834,27456,06,103,2023
15886,53498,8122,06,105,2023
475774,69489,152542,06,107,2023
54873,72259,31491,06,109,2023
838259,107327,294651,06,111,2023
217782,88818,81543,06,113,2023
83079,73313,30089,06,115,2023
524408,91387,191765,08,001,2023
16515,51445,7148,08,003,2023
655709,97215,265980,08,005,2023
13730,76524,9710,08,007,2023
3460,40380,1986,08,009,2023
5524,49194,2163,08,011,2023
328317,102772,142809,08,013,2023
75110,121025,32261,08,014,2023
19876,70909,11315,08,015,2023
1732,67768,965,08,017,2023
9358,96667,5768,08,019,2023
7536,47209,4058,08,021,2023
3571,36519,2418,08,023,2023
5734,47563,1535,08,025,2023
5073,72700,4349,08,027,2023
31353,58330,14931,08,029,2023
713734,91681,352593,08,031,2023
2385,70490,1640,08,033,2023
368283,145737,140542,08,035,2023
55374,103174,33455,08,037,2023
27152,129477,10193,08,039,2023
736008,87470,296753,08,041,2023
49394,61027,20449,08,043,2023
62034,86172,24640,08,045,2023
5877,88654,3706,08,047,2023
15794,84558,17037,08,049,2023
17158,77358,12348,08,051,2023
939,64327,1384,08,053,2023
6946,52139,4750,08,055,2023
1422,41809,1155,08,057,2023
579715,107800,251183,08,059,2023
1356,56389,704,08,061,2023
7015,59810,3426,08,063,2023
7411,93655,4033,08,065,2023
56088,85296,28613,08,067,2023
363561,91364,161882,08,069,2023
14392,50408,8134,08,071,2023
5561,54257,2385,08,073,2023
21067,55074,8709,08,075,2023
157316,71485,68861,08,077,2023
799,52455,1251,08,079,2023
13258,70975,6114,08,081,2023
26204,63005,12314,08,083,2023
43272,66072,19429,08,085,2023
29186,75407,11670,08,087,2023
18460,54897,8725,08,089,2023
5024,84556,3466,08,091,2023
17739,95450,14362,08,093,2023
4491,60372,2085,08,095,2023
17119,100318,13350,08,097,2023
11931,57601,5466,08,099,2023
168726,62250,73031,08,101,2023
6518,72620,3288,08,103,2023
11394,62166,6574,08,105,2023
24990,104803,16913,08,107,2023
6511,54283,3838,08,109,2023
690,73889,720,08,111,2023
8026,80117,6606,08,113,2023
2346,52833,1184,08,115,2023
30857,106255,31849,08,117,2023
24774,80666,13516,08,119,2023
4839,65164,2280,08,121,2023
340711,93287,125033,08,123,2023
9921,60051,4324,08,125,2023
969029,91541,415269,09,110,2023
326296,87135,125678,09,120,2023
174983,101117,82771,09,130,2023
452303,86365,191984,09,140,2023
95829,87564,41629,09,150,2023
112848,91035,55665,09,160,2023
566803,86266,247217,09,170,2023
279025,84185,125728,09,180,2023
621232,124553,250108,09,190,2023
185043,72872,74997,10,001,2023
573030,89901,235057,10,003,2023
247799,78162,147904,10,005,2023
672079,106287,356101,11,001,2023
281751,59659,125702,12,001,2023
28186,70833,10013,12,003,2023
181368,70188,106209,12,005,2023
27888,59740,10826,12,007,2023
620533,75817,294461,12,009,2023
1946127,74534,863128,12,011,2023
13593,46901,5663,12,013,2023
195083,66154,114821,12,015,2023
158693,55355,83417,12,017,2023
223436,86094,87165,12,019,2023
387681,86173,234732,12,021,2023
70755,55070,30066,12,023,2023
34719,50868,15713,12,027,2023
16952,47655,9365,12,029,2023
1007189,68447,445946,12,031,2023
323275,65715,147678,12,033,2023
121710,72923,58520,12,035,2023
12418,62734,8476,12,037,2023
43642,46047,19100,12,039,2023
18494,61070,7697,12,041,2023
12324,38905,6612,12,043,2023
14772,67361,9142,12,045,2023
13445,47696,5638,12,047,2023
25508,54231,9884,12,049,2023
40798,53044,15639,12,051,2023
201512,63193,90991,12,053,2023
103808,55581,58086,12,055,2023
1489634,75011,618220,12,057,2023
19626,48236,8642,12,059,2023
163856,71049,85093,12,061,2023
47652,47327,20061,12,063,2023
14713,56984,6815,12,065,2023
8035,60692,3334,12,067,2023
398696,69956,182666,12,069,2023
792692,73099,430243,12,071,2023
295335,65074,135906,12,073,2023
44276,53805,21197,12,075,2023
7650,53824,3209,12,077,2023
18113,48176,8392,12,079,2023
416020,75792,214510,12,081,2023
387697,58535,183453,12,083,2023
160464,80701,82297,12,085,2023
2685296,68694,1085414,12,086,2023
81840,82430,54418,12,087,2023
94653,88900,43565,12,089,2023
214281,79097,102475,12,091,2023
40249,52288,18532,12,093,2023
1440471,77011,576450,12,095,2023
406943,68711,164195,12,097,2023
1507453,81115,713855,12,099,2023
588758,67384,265118,12,101,2023
960565,70293,518180,12,103,2023
760961,63644,329750,12,105,2023
74235,47256,36614,12,107,2023
292243,106169,127144,12,109,2023
346237,69027,154930,12,111,2023
193719,88968,78275,12,113,2023
449011,80633,260272,12,115,2023
474912,83030,197167,12,117,2023
137536,73297,80371,12,119,2023
44484,55479,19063,12,121,2023
21422,44985,11177,12,123,2023
15551,64922,4772,12,125,2023
568229,66581,277851,12,127,2023
34608,74183,14184,12,129,2023
79846,79281,58894,12,131,2023
25259,52723,10962,12,133,2023
18426,43728,8526,13,001,2023
8261,38438,3509,13,003,2023
11129,50310,4830,13,005,2023
2830,44405,1419,13,007,2023
43669,55413,20180,13,009,2023
18757,68830,7373,13,011,2023
86982,77477,31298,13,013,2023
111153,79431,43877,13,015,2023
17138,39081,8135,13,017,2023
18257,50414,8065,13,019,2023
156543,50747,71869,13,021,2023
12414,53005,5235,13,023,2023
18171,47801,8237,13,025,2023
16285,47656,7342,13,027,2023
46681,94234,17325,13,029,2023
81372,56832,33607,13,031,2023
24427,50739,11201,13,033,2023
26074,59221,9640,13,035,2023
5528,55714,2033,13,037,2023
56036,72399,23192,13,039,2023
10972,50431,4653,13,043,2023
122187,72327,47170,13,045,2023
68356,72425,28275,13,047,2023
12711,48534,4708,13,049,2023
298143,69575,135983,13,051,2023
9181,59221,2902,13,053,2023
24975,47785,10883,13,055,2023
274539,105442,103923,13,057,2023
129267,52267,56913,13,059,2023
2853,48715,1936,13,061,2023
298771,58507,114818,13,063,2023
6722,55549,3031,13,065,2023
769152,98712,311556,13,067,2023
43161,50175,17426,13,069,2023
45907,49691,19288,13,071,2023
159638,96122,60412,13,073,2023
17363,50133,7399,13,075,2023
150071,94142,58186,13,077,2023
12183,60905,5215,13,079,2023
19995,42745,9902,13,081,2023
16196,58936,7413,13,083,2023
28704,88986,12531,13,085,2023
29118,50485,13106,13,087,2023
762105,77683,328614,13,089,2023
19909,50152,8584,13,091,2023
11026,56545,4796,13,093,2023
83915,46784,40631,13,095,2023
146141,80764,55208,13,097,2023
10683,53750,4933,13,099,2023
3705,61723,1474,13,101,2023
67265,85465,25256,13,103,2023
19725,49727,9370,13,105,2023
22961,50053,9990,13,107,2023
10740,53908,4676,13,109,2023
25605,58073,18128,13,111,2023
120689,108986,45896,13,113,2023
98985,62540,40763,13,115,2023
260062,138000,90537,13,117,2023
23840,52264,10767,13,119,2023
1068507,91490,500404,13,121,2023
31976,72542,18159,13,123,2023
2913,55250,1412,13,125,2023
84987,68546,42928,13,127,2023
58336,61997,23210,13,129,2023
26056,54312,11601,13,131,2023
19586,84530,10503,13,133,2023
966972,84823,336078,13,135,2023
46948,65622,18774,13,137,2023
208395,77430,79233,13,139,2023
8630,33182,4945,13,141,2023
30720,65016,12573,13,143,2023
35509,89184,14506,13,145,2023
26484,57241,13019,13,147,2023
11616,62907,4797,13,149,2023
245417,81612,89281,13,151,2023
166902,80743,68336,13,153,2023
9385,53915,4185,13,155,2023
80640,85012,29389,13,157,2023
15345,59574,6452,13,159,2023
14838,40879,6379,13,161,2023
15468,46561,7165,13,163,2023
8674,36906,4427,13,165,2023
9192,54183,3571,13,167,2023
28526,68259,11759,13,169,2023
19098,68457,7738,13,171,2023
10094,44361,4134,13,173,2023
49619,49705,22008,13,175,2023
33337,88024,12862,13,177,2023
66826,59013,27228,13,179,2023
7773,50688,4487,13,181,2023
17512,64747,6605,13,183,2023
119055,55887,50323,13,185,2023
33931,72388,13325,13,187,2023
21687,54058,9466,13,189,2023
11187,50348,6796,13,191,2023
11953,37177,5148,13,193,2023
30914,58784,12371,13,195,2023
7474,50484,3541,13,197,2023
20757,56458,9642,13,199,2023
5873,58407,2851,13,201,2023
21441,51908,9042,13,205,2023
28919,82863,11354,13,207,2023
8675,51188,3776,13,209,2023
20614,85692,8699,13,211,2023
40282,67880,16163,13,213,2023
204383,56622,91288,13,215,2023
115530,73732,42836,13,217,2023
42788,115925,15384,13,219,2023
15221,69784,6450,13,221,2023
174292,94557,61504,13,223,2023
28269,68365,12114,13,225,2023
34197,75293,15245,13,227,2023
19996,56691,8459,13,229,2023
19540,84184,7262,13,231,2023
43365,55308,17301,13,233,2023
9893,47688,4240,13,235,2023
22524,64163,13341,13,237,2023
2092,36838,1715,13,239,2023
17107,61466,12142,13,241,2023
6270,25425,3573,13,243,2023
206040,53197,92652,13,245,2023
94293,72349,35822,13,247,2023
4539,59647,1985,13,249,2023
14057,53017,6545,13,251,2023
9117,49559,5061,13,253,2023
68215,60217,28338,13,255,2023
26842,52264,12344,13,257,2023
4978,35000,2113,13,259,2023
29174,41877,13499,13,261,2023
5753,45098,3069,13,263,2023
1740,48036,984,13,265,2023
24215,52351,9378,13,267,2023
7786,41743,3932,13,269,2023
12174,44948,4756,13,271,2023
8941,43812,4241,13,273,2023
45696,60140,20957,13,275,2023
41322,53165,17564,13,277,2023
26943,54130,12081,13,279,2023
12739,58400,8719,13,281,2023
6387,43750,2652,13,283,2023
69821,54905,29255,13,285,2023
8915,39565,3921,13,287,2023
7869,55439,4053,13,289,2023
25598,65697,14952,13,291,2023
27856,50904,12373,13,293,2023
68449,55887,29452,13,295,2023
100361,82381,36613,13,297,2023
35958,44833,15926,13,299,2023
5175,46776,2572,13,301,2023
19893,44009,8696,13,303,2023
30519,49562,12590,13,305,2023
2348,40764,1163,13,307,2023
7434,45262,2434,13,309,2023
28454,69747,13822,13,311,2023
103118,64262,39454,13,313,2023
8784,48036,3457,13,315,2023
9553,52542,5210,13,317,2023
8795,46673,4298,13,319,2023
20575,57201,9296,13,321,2023
203684,77215,89786,15,001,2023
1003666,104264,372329,15,003,2023
43,86250,95,15,005,2023
73610,93612,30392,15,007,2023
164632,95076,72303,15,009,2023
508052,88907,205068,16,001,2023
4599,59286,2666,16,003,2023
88457,64080,35683,16,005,2023
6552,67304,3943,16,007,2023
9913,56553,4706,16,009,2023
48993,76842,17268,16,011,2023
24579,84470,15769,16,013,2023
8045,77349,5592,16,015,2023
49456,65168,26623,16,017,2023
127056,76646,46425,16,019,2023
12695,62438,5535,16,021,2023
2654,43281,1275,16,023,2023
1155,55536,694,16,025,2023
242405,72355,85583,16,027,2023
7118,66653,3137,16,029,2023
25165,67042,8992,16,031,2023
776,52083,442,16,033,2023
8921,57961,4603,16,035,2023
4411,56957,3164,16,037,2023
29046,58976,12168,16,039,2023
14715,65991,5122,16,041,2023
13701,72767,8669,16,043,2023
19854,66245,7788,16,045,2023
15740,62395,6100,16,047,2023
17120,60975,8881,16,049,2023
32234,82952,10499,16,051,2023
24788,69338,8725,16,053,2023
177736,77034,78013,16,055,2023
40315,65179,17429,16,057,2023
8166,52057,4636,16,059,2023
3649,49643,1823,16,061,2023
5276,66038,1973,16,063,2023
53578,58259,14769,16,065,2023
21922,70060,8478,16,067,2023
42477,71466,18496,16,069,2023
4681,72563,2062,16,071,2023
12284,59773,4803,16,073,2023
26190,65723,9950,16,075,2023
8018,59760,2960,16,077,2023
13580,49975,7036,16,079,2023
12101,90740,6199,16,081,2023
92121,65338,35749,16,083,2023
12136,76125,12601,16,085,2023
10866,53608,4586,16,087,2023
65166,64962,30283,17,001,2023
5042,43523,2964,17,003,2023
16627,61603,6892,17,005,2023
53316,81638,20238,17,007,2023
6320,72288,2321,17,009,2023
33027,65894,15646,17,011,2023
4406,92095,2298,17,013,2023
15621,60871,8190,17,015,2023
12826,64907,5665,17,017,2023
206098,63091,94351,17,019,2023
33684,59253,15190,17,021,2023
15328,70625,7333,17,023,2023
13173,57266,6147,17,025,2023
36899,82314,15677,17,027,2023
46689,56040,22717,17,029,2023
5185812,81797,2270349,17,031,2023
18588,67614,8461,17,033,2023
10378,69826,4720,17,035,2023
100512,69022,41499,17,037,2023
15461,64802,7312,17,039,2023
19686,74186,8492,17,041,2023
927263,110502,366099,17,043,2023
16637,56909,8236,17,045,2023
6118,59386,3045,17,047,2023
34505,75380,15336,17,049,2023
21380,57113,8849,17,051,2023
13396,60782,6263,17,053,2023
37541,53471,18468,17,055,2023
33259,58617,15883,17,057,2023
4857,54626,2506,17,059,2023
11837,60976,5801,17,061,2023
52920,93060,21324,17,063,2023
7972,61520,3809,17,065,2023
17434,65044,8959,17,067,2023
3623,57155,2285,17,069,2023
6284,65651,3374,17,071,2023
48948,69912,22208,17,073,2023
26746,62439,12818,17,075,2023
52706,45572,27750,17,077,2023
9233,71094,4227,17,079,2023
36808,61102,16650,17,081,2023
21336,79104,9884,17,083,2023
21918,74954,13425,17,085,2023
13350,65203,5538,17,087,2023
516097,100678,189918,17,089,2023
106833,68325,45396,17,091,2023
135053,110474,45775,17,093,2023
49294,53291,23788,17,095,2023
711885,108917,270083,17,097,2023
109049,72281,49838,17,099,2023
15137,53438,6358,17,101,2023
34058,68459,14993,17,103,2023
35659,70796,15930,17,105,2023
27870,64188,11984,17,107,2023
27102,50434,13598,17,109,2023
311366,102836,120605,17,111,2023
170882,78329,75120,17,113,2023
102591,62449,49699,17,115,2023
44566,68518,21108,17,117,2023
264631,74800,118942,17,119,2023
37294,60839,17379,17,121,2023
11715,69818,5824,17,123,2023
12878,62127,6615,17,125,2023
13958,62584,6824,17,127,2023
12169,81334,5602,17,129,2023
15619,71710,7279,17,131,2023
34969,101635,14665,17,133,2023
28078,61863,12528,17,135,2023
32621,65175,15033,17,137,2023
14469,71676,6205,17,139,2023
51536,79244,22625,17,141,2023
179831,64938,84992,17,143,2023
20810,59286,9166,17,145,2023
16702,87516,7380,17,147,2023
14625,58029,7296,17,149,2023
3757,62500,2273,17,151,2023
5074,43227,2845,17,153,2023
5600,77526,3069,17,155,2023
30142,68870,13400,17,157,2023
15675,60404,7366,17,159,2023
142995,66768,66742,17,161,2023
254777,70178,115348,17,163,2023
23387,54945,11578,17,165,2023
195217,74114,93151,17,167,2023
6826,66059,3317,17,169,2023
4847,73013,2393,17,171,2023
20867,68457,10054,17,173,2023
5324,62284,2584,17,175,2023
44042,61943,21375,17,177,2023
130555,76704,58664,17,179,2023
16972,56420,7861,17,181,2023
73179,54537,34390,17,183,2023
11199,53650,5416,17,185,2023
16576,64650,7598,17,187,2023
13682,75652,6402,17,189,2023
15994,53107,7699,17,191,2023
13708,53097,6751,17,193,2023
55192,64536,25850,17,195,2023
698450,107799,252684,17,197,2023
66902,65521,31957,17,199,2023
283289,64363,124959,17,201,2023
38348,85629,15745,17,203,2023
35995,63128,13250,18,001,2023
388791,68839,164456,18,003,2023
82881,80365,35517,18,005,2023
8708,61811,3778,18,007,2023
12007,47560,5863,18,009,2023
72827,104865,29019,18,011,2023
15543,72644,8540,18,013,2023
20443,64003,9539,18,015,2023
37703,56525,16389,18,017,2023
122800,72298,53854,18,019,2023
26431,67676,11648,18,021,2023
32967,63690,13496,18,023,2023
10494,48993,5890,18,025,2023
33442,68561,12781,18,027,2023
50828,82693,20965,18,029,2023
26411,74228,11619,18,031,2023
43584,70080,18280,18,033,2023
112109,56932,51611,18,035,2023
43563,71918,18715,18,037,2023
206868,65617,80102,18,039,2023
23390,56659,10900,18,041,2023
80512,78179,34603,18,043,2023
16546,62526,7823,18,045,2023
22929,79702,9749,18,047,2023
20411,62878,9564,18,049,2023
32986,67763,14762,18,051,2023
66377,54007,29878,18,053,2023
30954,59753,14366,18,055,2023
357176,117957,140389,18,057,2023
82013,91326,33398,18,059,2023
39785,72468,16842,18,061,2023
179379,99988,68433,18,063,2023
48896,60144,20968,18,065,2023
83610,62496,39795,18,067,2023
36757,62734,16275,18,069,2023
46319,70208,19231,18,071,2023
33198,79634,13708,18,073,2023
20281,54114,8908,18,075,2023
33074,59987,14446,18,077,2023
27584,68476,11691,18,079,2023
163983,87227,64800,18,081,2023
36108,58863,16965,18,083,2023
80357,73922,38587,18,085,2023
40596,83741,15023,18,087,2023
498990,68985,216330,18,089,2023
112141,70452,49878,18,091,2023
45077,65551,20530,18,093,2023
130949,62632,59075,18,095,2023
971822,63450,439034,18,097,2023
46225,68041,19959,18,099,2023
9854,65345,4583,18,101,2023
35772,61130,14927,18,103,2023
139822,63372,64850,18,105,2023
38155,66571,16534,18,107,2023
72202,79088,29749,18,109,2023
13859,68596,6059,18,111,2023
47417,70908,20212,18,113,2023
5993,67942,2755,18,115,2023
19746,64758,9083,18,117,2023
21434,59586,9868,18,119,2023
16346,66776,7625,18,121,2023
19218,61099,8544,18,123,2023
12187,66250,5592,18,125,2023
174150,85828,72102,18,127,2023
25163,79124,11081,18,129,2023
12441,59956,5830,18,131,2023
37091,76182,15148,18,133,2023
24425,61121,11407,18,135,2023
29039,71084,12398,18,137,2023
16734,64393,7364,18,139,2023
272574,64885,118329,18,141,2023
24468,54583,10774,18,143,2023
45104,71301,19576,18,145,2023
19871,70890,8685,18,147,2023
23300,62933,11214,18,149,2023
34648,71483,19055,18,151,2023
20766,54985,8798,18,153,2023
9914,65148,4399,18,155,2023
187399,58622,79327,18,157,2023
15329,78309,6836,18,159,2023
7028,79500,3250,18,161,2023
179908,60938,84809,18,163,2023
15452,59363,7326,18,165,2023
106201,52525,46937,18,167,2023
30901,68414,14053,18,169,2023
8469,74635,3687,18,171,2023
64650,95027,26567,18,173,2023
28167,61358,12162,18,175,2023
66377,56652,30758,18,177,2023
28261,69741,12003,18,179,2023
24709,66143,12926,18,181,2023
34388,75790,14940,18,183,2023
7471,66176,3595,19,001,2023
3641,68828,1892,19,003,2023
14038,66000,7730,19,005,2023
12242,51146,6314,19,007,2023
5622,54152,2786,19,009,2023
25698,84742,11095,19,011,2023
130693,64581,58748,19,013,2023
26669,79741,12005,19,015,2023
25118,83343,10542,19,017,2023
20645,78430,8946,19,019,2023
20684,66564,8241,19,021,2023
14301,69651,6569,19,023,2023
9858,66875,4794,19,025,2023
20677,68528,9508,19,027,2023
13115,61657,6397,19,029,2023
18427,79080,8238,19,031,2023
42785,65537,22730,19,033,2023
11587,64478,5555,19,035,2023
11868,73421,5545,19,037,2023
9690,66821,4401,19,039,2023
16446,64082,8141,19,041,2023
17069,62326,8791,19,043,2023
46383,65177,21590,19,045,2023
16289,65039,6852,19,047,2023
104136,102349,43195,19,049,2023
9127,79505,3602,19,051,2023
7669,57146,3651,19,053,2023
17549,76205,8142,19,055,2023
38597,60662,18778,19,057,2023
17844,74570,14060,19,059,2023
98948,75919,43003,19,061,2023
9316,65181,4517,19,063,2023
19393,58764,9324,19,065,2023
15502,64500,7308,19,067,2023
9977,63648,4657,19,069,2023
6570,73750,3130,19,071,2023
8722,59159,4316,19,073,2023
12352,83617,5489,19,075,2023
10646,79981,5782,19,077,2023
14893,71750,7056,19,079,2023
10718,70212,5120,19,081,2023
16729,64906,8028,19,083,2023
14645,77027,6679,19,085,2023
20228,64604,8442,19,087,2023
9459,67336,4314,19,089,2023
9573,66994,4600,19,091,2023
6944,62841,3365,19,093,2023
16547,72185,7355,19,095,2023
19429,71605,9272,19,097,2023
37864,70128,16208,19,099,2023
15676,56824,7707,19,101,2023
154881,74721,67211,19,103,2023
20799,73071,8882,19,105,2023
9964,60856,4650,19,107,2023
14610,65656,7220,19,109,2023
33175,59803,15808,19,111,2023
229463,76421,101989,19,113,2023
10710,80223,4736,19,115,2023
8685,67921,4077,19,117,2023
12087,72881,4857,19,119,2023
16760,89542,7031,19,121,2023
22045,69019,9708,19,123,2023
33551,78059,14268,19,125,2023
39971,72785,16860,19,127,2023
14563,87810,6119,19,129,2023
10548,68704,4902,19,131,2023
8619,62944,4390,19,133,2023
7546,72518,3648,19,135,2023
10254,63190,5011,19,137,2023
42735,69512,18429,19,139,2023
14103,68216,6544,19,141,2023
6114,69138,2867,19,143,2023
15168,57752,6996,19,145,2023
8902,68963,4517,19,147,2023
25699,81600,10863,19,149,2023
7040,63423,3658,19,151,2023
497441,81621,215016,19,153,2023
93407,71446,40022,19,155,2023
18582,64837,8946,19,157,2023
4664,69821,2676,19,159,2023
9759,70991,5122,19,161,2023
174302,76363,78130,19,163,2023
11757,67690,5429,19,165,2023
35984,84736,13175,19,167,2023
98592,69006,41642,19,169,2023
16982,67955,7595,19,171,2023
5901,67279,2890,19,173,2023
12038,56813,5790,19,175,2023
7236,60183,3506,19,177,2023
35265,60034,15740,19,179,2023
53484,92990,21473,19,181,2023
22539,71339,9638,19,183,2023
6518,59118,3021,19,185,2023
36848,68054,17053,19,187,2023
10648,63719,5080,19,189,2023
19972,75652,9011,19,191,2023
105760,70147,43121,19,193,2023
7380,76875,3487,19,195,2023
12817,64033,6266,19,197,2023
12491,57618,6077,20,001,2023
7819,64925,3569,20,003,2023
16211,62164,6811,20,005,2023
4153,57615,2461,20,007,2023
25275,56733,12373,20,009,2023
14384,67555,6768,20,011,2023
9415,58886,4489,20,013,2023
67916,80375,27175,20,015,2023
2579,54518,1397,20,017,2023
3370,54592,1971,20,019,2023
19236,58274,9140,20,021,2023
2628,55765,1465,20,023,2023
1987,65515,1066,20,025,2023
8071,63136,3940,20,027,2023
8973,57333,4490,20,029,2023
8304,67377,3985,20,031,2023
1685,49417,1050,20,033,2023
34487,58263,15647,20,035,2023
38963,50311,18088,20,037,2023
2746,52030,1643,20,039,2023
18423,67982,8793,20,041,2023
7492,72833,3375,20,043,2023
119547,68756,53308,20,045,2023
2817,53792,1551,20,047,2023
2464,56087,1502,20,049,2023
28870,59889,13247,20,051,2023
6366,66792,3110,20,053,2023
38001,72437,14279,20,055,2023
34133,70495,12638,20,057,2023
25994,72142,11239,20,059,2023
35895,57344,15917,20,061,2023
2796,63203,1332,20,063,2023
2406,52909,1428,20,065,2023
7284,72484,2932,20,067,2023
5696,77885,2339,20,069,2023
1296,78819,622,20,071,2023
5956,58276,3682,20,073,2023
2485,61929,1030,20,075,2023
5446,55417,3026,20,077,2023
33823,73269,14621,20,079,2023
3695,69138,1545,20,081,2023
1676,63125,814,20,083,2023
13277,72703,5615,20,085,2023
18391,77393,8004,20,087,2023
2909,52344,1760,20,089,2023
614764,107261,255320,20,091,2023
3910,74135,1579,20,093,2023
7284,59819,3673,20,095,2023
2422,73214,1150,20,097,2023
19949,55439,9508,20,099,2023
1497,53042,885,20,101,2023
82493,86906,31589,20,103,2023
2924,53546,1667,20,105,2023
9723,59200,5180,20,107,2023
2720,71389,1372,20,109,2023
32145,59078,14998,20,111,2023
30130,77701,13128,20,113,2023
11795,63438,5673,20,115,2023
10001,70828,4758,20,117,2023
3949,74868,1869,20,119,2023
34625,88000,14090,20,121,2023
5767,58233,3124,20,123,2023
31143,53242,15566,20,125,2023
5388,56716,2991,20,127,2023
2647,65625,1316,20,129,2023
10213,77375,4501,20,131,2023
15715,55704,7227,20,133,2023
2659,66107,1475,20,135,2023
5392,50305,2454,20,137,2023
15780,70216,7293,20,139,2023
3473,59408,2027,20,141,2023
5782,76755,2684,20,143,2023
6220,63625,3045,20,145,2023
4874,61235,2797,20,147,2023
25808,87694,10077,20,149,2023
9120,64348,4375,20,151,2023
2533,65000,1363,20,153,2023
61693,60498,28309,20,155,2023
4662,53611,2672,20,157,2023
9389,63947,4384,20,159,2023
71710,59560,30674,20,161,2023
4869,61596,2643,20,163,2023
2957,60288,1701,20,165,2023
6717,53902,3687,20,167,2023
53801,63316,24146,20,169,2023
5071,67788,2271,20,171,2023
524810,67675,225795,20,173,2023
21640,62269,8299,20,175,2023
178315,66043,80884,20,177,2023
2442,70000,1156,20,179,2023
5919,64444,2938,20,181,2023
3579,57024,2023,20,183,2023
4004,63786,2104,20,185,2023
2018,70361,1014,20,187,2023
5212,61909,2244,20,189,2023
22386,60348,10395,20,191,2023
7913,73575,3580,20,193,2023
2778,73375,1673,20,195,2023
6961,70536,3135,20,197,2023
1459,60263,757,20,199,2023
5519,62452,2731,20,201,2023
2115,71282,990,20,203,2023
8559,57056,4492,20,205,2023
3118,48152,1842,20,207,2023
167277,60582,68614,20,209,2023
19016,50316,8632,21,001,2023
21029,59029,9261,21,003,2023
24098,71747,10196,21,005,2023
7678,64740,3707,21,007,2023
44670,49171,20107,21,009,2023
12812,54128,5479,21,011,2023
23878,32403,11608,21,013,2023
137676,94752,52476,21,015,2023
20174,56322,9148,21,017,2023
48043,60659,21731,21,019,2023
30708,61635,12969,21,021,2023
8427,59521,3847,21,023,2023
13438,41101,6559,21,025,2023
20722,53673,10760,21,027,2023
83209,77640,33222,21,029,2023
12373,52003,5453,21,031,2023
12631,57618,6085,21,033,2023
37882,51854,18034,21,035,2023
93193,77271,41784,21,037,2023
4763,62019,2315,21,039,2023
10878,57753,4682,21,041,2023
26515,50389,12283,21,043,2023
15951,41689,7401,21,045,2023
72599,54190,29307,21,047,2023
37004,67824,16279,21,049,2023
20105,39607,8642,21,051,2023
9240,42168,4864,21,053,2023
8972,47003,4351,21,055,2023
5948,39662,3399,21,057,2023
103195,65323,44199,21,059,2023
12243,54512,6418,21,061,2023
7336,40074,3065,21,063,2023
14079,43905,6847,21,065,2023
321122,67631,147720,21,067,2023
15221,49663,6776,21,069,2023
35342,41582,17475,21,071,2023
51563,66470,24082,21,073,2023
6440,36834,3174,21,075,2023
8749,62247,3763,21,077,2023
17346,62572,7272,21,079,2023
25238,67940,10182,21,081,2023
36612,50576,16437,21,083,2023
26586,49893,13336,21,085,2023
11278,41087,5292,21,087,2023
35639,59613,16247,21,089,2023
9032,66836,3911,21,091,2023
111452,67608,47370,21,093,2023
26185,37198,13012,21,095,2023
18971,63205,8136,21,097,2023
19470,49653,8888,21,099,2023
44493,58239,20109,21,101,2023
15774,60736,6678,21,103,2023
4470,63750,2160,21,105,2023
45143,57610,20965,21,107,2023
13003,41410,5999,21,109,2023
777392,67849,357923,21,111,2023
53792,74886,20936,21,113,2023
22464,43014,10530,21,115,2023
169817,79421,72896,21,117,2023
14046,37736,6695,21,119,2023
30034,33153,13824,21,121,2023
15028,67770,6542,21,123,2023
62731,56999,26705,21,125,2023
16171,45584,7575,21,127,2023
7375,34182,3227,21,129,2023
10261,40176,4913,21,131,2023
21146,40501,10594,21,133,2023
13028,41632,6072,21,135,2023
24415,50862,10869,21,137,2023
8941,59713,4617,21,139,2023
27731,61535,12459,21,141,2023
8831,64464,4806,21,143,2023
67584,62385,32155,21,145,2023
16905,37355,6919,21,147,2023
9127,70549,4171,21,149,2023
94064,62407,39920,21,151,2023
11495,33632,5466,21,153,2023
19680,55404,8427,21,155,2023
31728,63611,16461,21,157,2023
11181,46185,4847,21,159,2023
16995,51473,8186,21,161,2023
30032,70163,12111,21,163,2023
6203,44672,3387,21,165,2023
22824,63115,10410,21,167,2023
10372,48572,4719,21,169,2023
11318,49430,5240,21,171,2023
28271,57468,12204,21,173,2023
13938,47493,5650,21,175,2023
30712,52672,13533,21,177,2023
47102,67888,20062,21,179,2023
7655,53616,3333,21,181,2023
23704,54369,10199,21,183,2023
68600,121491,23512,21,185,2023
11270,59706,5378,21,187,2023
4021,31064,2024,21,189,2023
14683,66601,6285,21,191,2023
27847,45261,13256,21,193,2023
57466,42179,28955,21,195,2023
13057,39811,5619,21,197,2023
65503,50943,31673,21,199,2023
2239,52337,996,21,201,2023
16144,48367,7377,21,203,2023
24525,53657,10577,21,205,2023
18117,50520,10146,21,207,2023
58269,83660,23335,21,209,2023
48599,82671,19216,21,211,2023
19786,57392,8456,21,213,2023
19875,98333,7599,21,215,2023
26205,61871,11206,21,217,2023
12330,57759,5160,21,219,2023
14211,54630,7625,21,221,2023
8531,67813,3870,21,223,2023
13379,60989,5868,21,225,2023
137549,64801,58563,21,227,2023
12091,59762,5222,21,229,2023
19592,41933,10144,21,231,2023
12873,58786,5728,21,233,2023
36755,41719,15558,21,235,2023
6484,29052,3043,21,237,2023
27017,80006,11587,21,239,2023
57218,45266,25036,22,001,2023
22552,51138,9543,22,003,2023
128593,92266,50971,22,005,2023
20720,52546,10039,22,007,2023
39176,39439,18323,22,009,2023
36646,64995,15968,22,011,2023
12769,34992,6874,22,013,2023
129134,66336,56122,22,015,2023
232973,50067,112568,22,017,2023
208668,67849,94462,22,019,2023
9563,44957,4644,22,021,2023
5222,72500,3447,22,023,2023
8738,47753,4447,22,025,2023
14019,31784,6821,22,027,2023
18325,37349,9026,22,029,2023
26897,46077,12560,22,031,2023
452821,63075,205518,22,033,2023
7195,28321,3408,22,035,2023
19378,72899,8171,22,037,2023
32162,42273,14523,22,039,2023
19590,44103,8937,22,041,2023
22123,61112,9054,22,043,2023
69194,57811,31215,22,045,2023
29950,57459,13419,22,047,2023
14939,43345,7223,22,049,2023
432484,65246,194109,22,051,2023
32083,56500,14107,22,053,2023
245075,67660,110400,22,055,2023
96670,63439,41164,22,057,2023
14804,67077,6203,22,059,2023
48160,38035,20650,22,061,2023
145583,78617,58899,22,063,2023
9757,37267,4388,22,065,2023
24967,36981,11895,22,067,2023
37047,46798,18663,22,069,2023
376035,55339,194758,22,071,2023
158916,51241,70667,22,073,2023
23070,82874,9625,22,075,2023
20438,59351,11044,22,077,2023
128470,55946,58321,22,079,2023
7529,44539,3599,22,081,2023
19908,52960,8698,22,083,2023
22085,52047,13618,22,085,2023
44172,57638,18004,22,087,2023
51863,82172,20595,22,089,2023
10849,50193,5310,22,091,2023
19797,64536,8651,22,093,2023
41342,67418,17790,22,095,2023
82128,45637,37001,22,097,2023
51559,53394,23704,22,099,2023
48455,51768,22510,22,101,2023
269331,79277,112414,22,103,2023
135218,57256,58663,22,105,2023
3992,36074,2804,22,107,2023
107362,64819,47236,22,109,2023
20914,45743,10416,22,111,2023
57031,57537,25924,22,113,2023
47764,58281,22073,22,115,2023
45238,42776,21422,22,117,2023
36189,37396,18341,22,119,2023
27666,87320,11827,22,121,2023
9622,48514,4691,22,123,2023
15381,74277,5127,22,125,2023
13506,46368,6372,22,127,2023
112323,67298,50202,23,001,2023
67227,54254,38444,23,003,2023
305940,92983,151519,23,005,2023
30145,58522,21089,23,007,2023
56084,69630,40514,23,009,2023
125614,65062,63140,23,011,2023
40860,71903,24428,23,013,2023
35840,72026,23810,23,015,2023
58728,57933,36558,23,017,2023
153571,63248,75405,23,019,2023
17125,55234,14651,23,021,2023
37093,82080,19109,23,023,2023
50852,56199,30009,23,025,2023
40006,68441,22118,23,027,2023
31261,52237,21703,23,029,2023
214731,82904,113853,23,031,2023
67762,57393,32810,24,001,2023
590936,120324,234843,24,003,2023
849586,90904,350296,24,005,2023
93791,132059,35960,24,009,2023
33406,66368,13516,24,011,2023
174318,115876,66167,24,013,2023
104366,91146,44159,24,015,2023
168710,120592,63053,24,017,2023
32612,60495,16416,24,019,2023
280341,120458,106480,24,021,2023
28713,69031,18567,24,023,2023
262509,111317,104409,24,025,2023
333916,146982,124489,24,027,2023
19265,74402,10326,24,029,2023
1057586,128733,405127,24,031,2023
955584,100708,362440,24,033,2023
50951,113347,21703,24,035,2023
114372,114580,46078,24,037,2023
24685,52462,10916,24,039,2023
37707,84378,19671,24,041,2023
155033,74157,63965,24,043,2023
104117,72861,43925,24,045,2023
53279,81455,56585,24,047,2023
577193,59623,293631,24,510,2023
230073,94452,165661,25,001,2023
128047,72565,69861,25,003,2023
578436,84198,244166,25,005,2023
20751,102348,17713,25,007,2023
807258,99431,328460,25,009,2023
70922,72584,34424,25,011,2023
462853,70535,197210,25,013,2023
156595,86391,66490,25,015,2023
1622896,126779,660814,25,017,2023
14299,119750,12449,25,019,2023
724540,126497,293420,25,021,2023
531889,109698,216654,25,023,2023
782172,92859,353930,25,025,2023
861664,93561,353405,25,027,2023
10310,53568,10353,26,001,2023
8813,59406,6205,26,003,2023
120913,80255,52262,26,005,2023
28908,51909,15674,26,007,2023
23876,71421,17613,26,009,2023
15054,56989,9536,26,011,2023
8249,55117,5071,26,013,2023
62982,77873,27617,26,015,2023
103235,60523,48620,26,017,2023
18177,72603,12231,26,019,2023
153411,63152,77127,26,021,2023
44914,61958,20879,26,023,2023
133846,60385,59626,26,025,2023
51606,68011,25543,26,027,2023
26143,76495,17578,26,029,2023
25778,61619,17742,26,031,2023
36448,60631,20340,26,033,2023
31109,49805,21953,26,035,2023
79419,85928,33123,26,037,2023
13271,58614,10268,26,039,2023
36829,54829,19841,26,041,2023
25940,61882,13941,26,043,2023
109000,78025,47650,26,045,2023
34159,73724,21886,26,047,2023
404087,60673,183729,26,049,2023
25543,55576,17003,26,051,2023
14348,49672,10400,26,053,2023
95757,79486,46435,26,055,2023
41478,61128,16051,26,057,2023
45658,60869,21490,26,059,2023
37428,56573,18781,26,061,2023
31258,56963,20372,26,063,2023
282015,64354,125812,26,065,2023
66706,73436,24746,26,067,2023
25333,47777,19978,26,069,2023
11650,53614,9046,26,071,2023
64475,53759,28600,26,073,2023
160187,65004,69188,26,075,2023
261437,70525,114463,26,077,2023
18116,60365,11655,26,079,2023
658844,80390,267071,26,081,2023
2106,53893,2292,26,083,2023
12393,49680,13432,26,085,2023
88703,76228,36980,26,087,2023
22607,91943,15630,26,089,2023
98823,67013,43747,26,091,2023
195143,101315,79520,26,093,2023
6325,54338,4081,26,095,2023
10865,58598,10575,26,097,2023
877624,76399,371723,26,099,2023
25247,60879,15631,26,101,2023
66430,64675,33553,26,103,2023
29177,62296,17499,26,105,2023
40321,57774,21045,26,107,2023
23295,55688,13261,26,109,2023
83641,77538,37048,26,111,2023
15156,61868,8676,26,113,2023
155001,75272,66300,26,115,2023
67174,64892,28046,26,117,2023
9372,47803,8926,26,119,2023
175378,63495,74969,26,121,2023
50414,61931,24781,26,123,2023
1272294,95296,557978,26,125,2023
26788,63624,15645,26,127,2023
20853,51983,15326,26,129,2023
5870,51844,5256,26,131,2023
23122,57050,12634,26,133,2023
8338,50581,7705,26,135,2023
25352,67285,14893,26,137,2023
298614,87144,116173,26,139,2023
13142,56713,9856,26,141,2023
23639,54106,23170,26,143,2023
189210,58347,86134,26,145,2023
160089,69349,72467,26,147,2023
60870,64707,27248,26,149,2023
40574,59074,21751,26,151,2023
8093,57708,5947,26,153,2023
68061,64464,30272,26,155,2023
53071,62847,24005,26,157,2023
75681,66902,37243,26,159,2023
368394,87156,158115,26,161,2023
1773767,59521,796119,26,163,2023
33868,63123,16532,26,165,2023
15930,59498,14203,27,001,2023
367095,98764,140246,27,003,2023
35260,71117,19869,27,005,2023
46421,67257,21583,27,007,2023
41458,71480,17484,27,009,2023
5152,65475,2984,27,011,2023
69386,72623,29544,27,013,2023
25826,68690,11802,27,015,2023
36457,80042,15830,27,017,2023
108622,123144,41395,27,019,2023
30688,64937,24294,27,021,2023
12388,69192,5649,27,023,2023
57434,98260,22711,27,025,2023
65628,77664,27241,27,027,2023
8579,64934,4449,27,029,2023
5633,71643,6024,27,031,2023
11458,68239,5163,27,033,2023
67113,71343,42191,27,035,2023
442204,105212,176447,27,037,2023
20962,92943,8399,27,039,2023
39354,77264,22087,27,041,2023
13909,64391,6921,27,043,2023
21346,75225,9669,27,045,2023
30752,69012,14116,27,047,2023
47844,82749,21071,27,049,2023
6108,72957,3146,27,051,2023
1268903,96339,564441,27,053,2023
18768,77087,8755,27,055,2023
21700,70622,14760,27,057,2023
41934,86573,16976,27,059,2023
45141,66380,25589,27,061,2023
9964,69955,4914,27,063,2023
16261,71915,7793,27,065,2023
43757,75097,20212,27,067,2023
4163,69615,2279,27,069,2023
11950,69115,7418,27,071,2023
6694,71639,3474,27,073,2023
10911,75621,7405,27,075,2023
3800,70091,3457,27,077,2023
28936,90218,12978,27,079,2023
5594,67715,3061,27,081,2023
25498,72761,11252,27,083,2023
36771,78468,15936,27,085,2023
5371,53925,2552,27,087,2023
8961,71701,4416,27,089,2023
19864,62969,9715,27,091,2023
23422,75037,10671,27,093,2023
26912,71455,12958,27,095,2023
34131,68640,16204,27,097,2023
40069,71495,16963,27,099,2023
8119,74475,4401,27,101,2023
34350,80362,13530,27,103,2023
22067,65509,8398,27,105,2023
6411,69833,3228,27,107,2023
163425,93494,70255,27,109,2023
60281,70912,36669,27,111,2023
13877,72561,6755,27,113,2023
29411,69666,17148,27,115,2023
9352,66073,4316,27,117,2023
30905,69136,14670,27,119,2023
11363,72205,6411,27,121,2023
544438,81004,231606,27,123,2023
3922,77500,1884,27,125,2023
15383,67024,7103,27,127,2023
14587,69086,6911,27,129,2023
67389,82792,25173,27,131,2023
9628,70698,4236,27,133,2023
15301,73611,7188,27,135,2023
200056,69455,103924,27,137,2023
152957,120247,55687,27,139,2023
99178,102965,36581,27,141,2023
14933,76082,6482,27,143,2023
159358,76447,66211,27,145,2023
37413,83448,15878,27,147,2023
9686,71060,4201,27,149,2023
9787,62601,4697,27,151,2023
25402,63039,12929,27,153,2023
3279,65931,1896,27,155,2023
21519,80133,10229,27,157,2023
14135,56882,6990,27,159,2023
18958,75052,7910,27,161,2023
272298,114457,107035,27,163,2023
11169,70593,4904,27,165,2023
6413,69635,2977,27,167,2023
49705,70198,21763,27,169,2023
145270,106666,56153,27,171,2023
9509,71573,4512,27,173,2023
29098,40250,14920,28,001,2023
34500,49404,16242,28,003,2023
12611,35385,7289,28,005,2023
17685,48098,8341,28,007,2023
7592,42139,4100,28,009,2023
30163,37315,13679,28,011,2023
13029,43942,6744,28,013,2023
9828,55275,4950,28,015,2023
16994,43041,7817,28,017,2023
8172,48321,4363,28,019,2023
8908,34371,3949,28,021,2023
15424,46054,7635,28,023,2023
18462,39904,9035,28,025,2023
20808,36259,10188,28,027,2023
27994,47994,12457,28,029,2023
18226,47001,8360,28,031,2023
188598,82980,74066,28,033,2023
78027,52821,33672,28,035,2023
7655,45618,4303,28,037,2023
24870,54822,10316,28,039,2023
13595,55838,5137,28,041,2023
21342,47998,10418,28,043,2023
46057,67728,23277,28,045,2023
209443,57233,93505,28,047,2023
222494,49966,106225,28,049,2023
16491,29434,7573,28,051,2023
7570,32976,3529,28,053,2023
1095,29271,438,28,055,2023
23942,59508,10515,28,057,2023
144437,64756,62994,28,059,2023
16211,47157,8097,28,061,2023
7127,36207,3383,28,063,2023
11183,37183,5665,28,065,2023
66839,51143,28710,28,067,2023
8855,43595,3937,28,069,2023
56920,64334,28418,28,071,2023
65081,69106,27523,28,073,2023
71984,50033,33558,28,075,2023
11883,43368,5766,28,077,2023
21288,48418,9054,28,079,2023
83138,67144,37507,28,081,2023
27432,33188,12643,28,083,2023
34830,48316,15885,28,085,2023
58187,54460,27044,28,087,2023
110303,78794,46798,28,089,2023
24303,42320,11165,28,091,2023
33899,51875,15308,28,093,2023
33928,51231,16790,28,095,2023
9708,45057,5349,28,097,2023
28927,53087,12086,28,099,2023
21151,50426,9145,28,101,2023
10136,38814,4728,28,103,2023
51473,43482,25426,28,105,2023
32965,43990,14691,28,107,2023
56781,56535,25137,28,109,2023
11459,50435,5463,28,111,2023
39930,41578,19109,28,113,2023
31312,52741,14076,28,115,2023
24999,51466,11029,28,117,2023
5908,32131,3045,28,119,2023
158218,77454,64076,28,121,2023
27754,48492,11423,28,123,2023
3848,35741,1673,28,125,2023
25817,54111,11661,28,127,2023
14193,51396,6684,28,129,2023
18515,59307,7595,28,131,2023
25328,40265,9415,28,133,2023
12363,37383,5488,28,135,2023
28135,63995,11532,28,137,2023
21621,51141,9942,28,139,2023
18738,46257,10549,28,141,2023
9586,38402,4712,28,143,2023
28009,56807,12195,28,145,2023
13864,45444,6883,28,147,2023
43623,56648,21542,28,149,2023
43674,40117,20894,28,151,2023
19699,36791,9101,28,153,2023
9942,59964,5094,28,155,2023
8376,35930,4600,28,157,2023
17609,49071,8231,28,159,2023
12439,49171,6476,28,161,2023
26837,40974,10473,28,163,2023
25224,56583,11380,29,001,2023
18086,74007,7551,29,003,2023
5216,59260,2726,29,005,2023
24688,56232,10566,29,007,2023
34831,56611,17028,29,009,2023
11685,49503,5295,29,011,2023
16121,57914,7192,29,013,2023
19887,52200,13579,29,015,2023
10591,57286,5047,29,017,2023
185874,69913,80912,29,019,2023
83855,59423,38415,29,021,2023
42166,49213,19296,29,023,2023
8890,62520,4269,29,025,2023
44541,72645,18596,29,027,2023
43416,62927,39839,29,029,2023
82180,68912,35892,29,031,2023
8459,61712,4380,29,033,2023
5269,45083,2692,29,035,2023
109393,87413,44928,29,037,2023
14440,45577,6964,29,039,2023
7406,63307,3797,29,041,2023
91229,81245,35972,29,043,2023
6680,51458,3233,29,045,2023
255566,86150,106689,29,047,2023
21259,70625,9019,29,049,2023
76924,73273,33385,29,051,2023
16835,67548,7276,29,053,2023
22890,56345,11423,29,055,2023
7627,49899,3790,29,057,2023
17344,53177,7610,29,059,2023
8449,60665,4140,29,061,2023
11176,69093,4277,29,063,2023
14506,54306,6834,29,065,2023
11850,49828,5397,29,067,2023
27795,47368,13451,29,069,2023
105316,71973,45843,29,071,2023
14774,65096,7597,29,073,2023
6224,57458,2928,29,075,2023
301121,57488,137930,29,077,2023
9822,53839,4851,29,079,2023
8198,53364,4023,29,081,2023
22194,56621,10708,29,083,2023
8501,35084,5502,29,085,2023
4254,58516,2420,29,087,2023
10141,62628,4381,29,089,2023
40168,49814,18104,29,091,2023
9482,51161,4704,29,093,2023
717021,67178,333385,29,095,2023
123532,57525,53749,29,097,2023
228227,80522,93276,29,099,2023
54331,67123,22663,29,101,2023
3760,53333,1940,29,103,2023
36245,50825,15951,29,105,2023
32974,79091,14183,29,107,2023
38392,55849,16280,29,109,2023
9945,52340,4315,29,111,2023
61636,85276,23600,29,113,2023
11850,61975,6007,29,115,2023
14330,60148,6376,29,117,2023
23492,48145,9807,29,119,2023
15163,58318,7425,29,121,2023
12665,58435,5853,29,123,2023
8435,61359,4269,29,125,2023
28493,63908,12886,29,127,2023
3501,60357,1908,29,129,2023
25081,55172,12508,29,131,2023
12079,46258,5282,29,133,2023
15303,65161,6177,29,135,2023
8672,48299,4476,29,137,2023
11422,61042,5797,29,139,2023
21430,49663,15161,29,141,2023
16041,49237,7886,29,143,2023
59490,64583,24762,29,145,2023
20959,55970,9478,29,147,2023
8704,44259,4332,29,149,2023
13379,75355,6490,29,151,2023
8773,42329,5046,29,153,2023
15232,40748,7509,29,155,2023
18947,63356,8507,29,157,2023
43205,60232,18608,29,159,2023
44948,55427,20246,29,161,2023
17623,57572,7629,29,163,2023
108751,95748,46045,29,165,2023
32109,56686,13434,29,167,2023
53850,66435,19374,29,169,2023
4675,56875,2845,29,171,2023
10394,62054,5036,29,173,2023
24524,55310,10811,29,175,2023
23149,72152,9901,29,177,2023
6058,44357,3468,29,179,2023
10755,43898,5191,29,181,2023
409830,102912,164594,29,183,2023
9451,46731,5295,29,185,2023
18551,61310,8323,29,186,2023
66864,54813,28815,29,187,2023
996618,81340,445472,29,189,2023
23177,56566,9833,29,195,2023
4044,56023,1906,29,197,2023
4698,67568,2215,29,199,2023
37967,58847,16833,29,201,2023
7137,59000,3522,29,203,2023
6011,52127,2952,29,205,2023
28547,54067,13398,29,207,2023
31697,61323,20267,29,209,2023
5903,55500,3032,29,211,2023
56382,58258,29875,29,213,2023
24956,48055,11034,29,215,2023
19713,54519,8949,29,217,2023
36467,77989,15834,29,219,2023
23483,51886,10736,29,221,2023
10942,43393,6148,29,223,2023
39868,69731,15360,29,225,2023
1956,46167,1115,29,227,2023
18722,47304,8370,29,229,2023
293109,55279,173920,29,510,2023
9590,58072,4973,30,001,2023
12963,56680,4533,30,003,2023
6997,65050,2824,30,005,2023
7310,63636,3164,30,007,2023
10877,71017,6431,30,009,2023
1361,52171,799,30,011,2023
84601,66203,39248,30,013,2023
5888,56927,2868,30,015,2023
11938,63585,5770,30,017,2023
1524,58000,1130,30,019,2023
8874,70953,4377,30,021,2023
9512,49533,5506,30,023,2023
2817,72284,1451,30,025,2023
11581,59731,6008,30,027,2023
108445,71327,50948,30,029,2023
122194,87454,55589,30,031,2023
938,61750,746,30,033,2023
13713,45129,5346,30,035,2023
840,57353,473,30,037,2023
3419,54646,2605,30,039,2023
16260,55313,7232,30,041,2023
12501,76576,5388,30,043,2023
2053,55417,1233,30,045,2023
32073,61965,16457,30,047,2023
72580,74543,33837,30,049,2023
1968,53264,832,30,051,2023
20656,47018,10991,30,053,2023
1818,71842,1082,30,055,2023
8975,67420,6405,30,057,2023
1979,56215,1460,30,059,2023
4796,61117,2569,30,061,2023
119639,71246,56008,30,063,2023
5068,59010,2677,30,065,2023
17484,66607,9597,30,067,2023
401,59318,295,30,069,2023
4224,58156,2235,30,071,2023
6012,53500,2753,30,073,2023
1762,68009,997,30,075,2023
7029,63432,2969,30,077,2023
1251,45192,667,30,079,2023
45807,71323,21098,30,081,2023
11329,69578,5590,30,083,2023
10665,53125,4058,30,085,2023
8236,56430,3785,30,087,2023
12936,54035,6789,30,089,2023
3677,63654,2049,30,091,2023
35589,57504,17396,30,093,2023
9052,81503,4657,30,095,2023
3713,69426,1929,30,097,2023
6291,67766,2942,30,099,2023
5028,53693,2323,30,101,2023
761,73036,479,30,103,2023
7540,64515,4253,30,105,2023
2049,47054,1159,30,107,2023
1148,64792,596,30,109,2023
167340,74400,73363,30,111,2023
31034,65680,13856,31,001,2023
6302,63750,3144,31,003,2023
540,67500,230,31,005,2023
657,71250,351,31,007,2023
385,61250,295,31,009,2023
5366,71367,2545,31,011,2023
10754,68778,5222,31,013,2023
1704,58984,1199,31,015,2023
2739,51538,1645,31,017,2023
50323,74570,21181,31,019,2023
6730,57303,3338,31,021,2023
8413,82603,4031,31,023,2023
26963,88255,11780,31,025,2023
8344,73977,3904,31,027,2023
3639,62782,1870,31,029,2023
5468,63750,3004,31,031,2023
9478,57594,4886,31,033,2023
6084,75938,2816,31,035,2023
10541,79720,3996,31,037,2023
8976,70708,4150,31,039,2023
10544,66310,5331,31,041,2023
21331,71655,7795,31,043,2023
8212,54381,4013,31,045,2023
24020,65383,9905,31,047,2023
1865,61438,1000,31,049,2023
5561,69156,2528,31,051,2023
37146,71294,16553,31,053,2023
585461,79081,248692,31,055,2023
1811,56563,1002,31,057,2023
5551,76354,2733,31,059,2023
2868,57692,1543,31,061,2023
2562,68207,1372,31,063,2023
4605,60625,2514,31,065,2023
21646,64426,10390,31,067,2023
1620,44777,1163,31,069,2023
1797,68611,977,31,071,2023
1929,79145,1209,31,073,2023
695,69063,418,31,075,2023
2211,58894,1202,31,077,2023
62431,67549,25377,31,079,2023
9438,79884,4122,31,081,2023
3006,70536,1890,31,083,2023
854,60313,479,31,085,2023
2601,52016,1566,31,087,2023
10093,67225,4905,31,089,2023
613,45854,415,31,091,2023
6492,74508,2893,31,093,2023
7155,60568,3664,31,095,2023
5263,59457,2090,31,097,2023
6697,79167,2985,31,099,2023
8239,58132,5395,31,101,2023
939,60313,495,31,103,2023
3348,59438,1812,31,105,2023
8362,64821,4527,31,107,2023
323673,72625,138232,31,109,2023
34122,64342,16581,31,111,2023
812,71650,356,31,113,2023
564,60156,429,31,115,2023
463,61316,259,31,117,2023
35535,64637,15371,31,119,2023
7696,62849,3584,31,121,2023
4544,59773,2276,31,123,2023
3342,65438,1622,31,125,2023
7035,60132,3317,31,127,2023
4089,70201,2218,31,129,2023
16075,81430,6987,31,131,2023
2539,54926,1410,31,133,2023
2835,67500,1353,31,135,2023
8983,65988,4154,31,137,2023
7312,75938,3137,31,139,2023
34358,72335,14210,31,141,2023
5209,71771,2524,31,143,2023
10611,60000,5164,31,145,2023
7797,55578,4084,31,147,2023
1335,57500,829,31,149,2023
14642,77027,5774,31,151,2023
194051,101402,75293,31,153,2023
22761,89395,10154,31,155,2023
35937,60960,16474,31,157,2023
17636,81122,7138,31,159,2023
5058,56900,2704,31,161,2023
2974,61935,1797,31,163,2023
1197,54076,682,31,165,2023
5835,78275,2475,31,167,2023
4938,63095,2518,31,169,2023
626,72708,367,31,171,2023
6666,64838,2290,31,173,2023
4094,58902,2116,31,175,2023
20989,90188,8665,31,177,2023
9786,67687,3973,31,179,2023
3385,65197,1767,31,181,2023
785,55893,603,31,183,2023
14231,74058,6346,31,185,2023
25614,73268,10924,32,001,2023
2293764,73845,935960,32,003,2023
49624,88018,24599,32,005,2023
53852,83427,22033,32,007,2023
962,-666666666,727,32,009,2023
1660,73095,1020,32,011,2023
17299,79946,7714,32,013,2023
5745,84474,2797,32,015,2023
4452,69496,2322,32,017,2023
60630,73460,24998,32,019,2023
4557,50584,2202,32,021,2023
53207,55975,25186,32,023,2023
6505,72007,2293,32,027,2023
4139,96000,2112,32,029,2023
491770,85600,213392,32,031,2023
8856,72294,4157,32,033,2023
58364,71809,24902,32,510,2023
64300,87983,38718,33,001,2023
51259,82961,40110,33,003,2023
76945,81001,35777,33,005,2023
31386,58439,20589,33,007,2023
91759,84021,51478,33,009,2023
424732,100436,176753,33,011,2023
155018,93944,66080,33,013,2023
317163,113927,136681,33,015,2023
131743,86564,56162,33,017,2023
43529,75929,21905,33,019,2023
274704,76819,132102,34,001,2023
954717,123715,368535,34,003,2023
464226,105271,185617,34,005,2023
524042,86384,213188,34,007,2023
95236,88046,99625,34,009,2023
152915,64499,57203,34,011,2023
854130,76712,335550,34,013,2023
304504,102807,117530,34,015,2023
710478,90032,317032,34,017,2023
129448,139453,51908,34,019,2023
383286,96333,150600,34,021,2023
861535,109028,316633,34,023,2023
643615,122727,269728,34,025,2023
510375,134929,198611,34,027,2023
646434,86411,295201,34,029,2023
518289,87137,185439,34,031,2023
64973,78412,27740,34,033,2023
346203,135960,132831,34,035,2023
145117,114316,62825,34,037,2023
572549,100117,211269,34,039,2023
110238,99596,46675,34,041,2023
674357,66514,301278,35,001,2023
3685,46439,3333,35,003,2023
64446,52029,26794,35,005,2023
27059,51765,11171,35,006,2023
12336,52690,9578,35,007,2023
47932,56259,21266,35,009,2023
1580,40804,1165,35,011,2023
221665,55663,91402,35,013,2023
61114,79605,26633,35,015,2023
27856,45921,14664,35,017,2023
4379,40149,2156,35,019,2023
748,41250,489,35,021,2023
4097,49076,2219,35,023,2023
73154,68750,28125,35,025,2023
20227,51643,17768,35,027,2023
19374,143188,8660,35,028,2023
25420,37917,11567,35,029,2023
71172,44496,25213,35,031,2023
4176,50178,2938,35,033,2023
68235,52717,32400,35,035,2023
8616,43698,5513,35,037,2023
40165,53901,19703,35,039,2023
19002,52445,8525,35,041,2023
151538,84053,59759,35,043,2023
121178,53020,48085,35,045,2023
27036,47400,14837,35,047,2023
155175,74689,77686,35,049,2023
11511,37840,8139,35,051,2023
16308,47556,7642,35,053,2023
34516,58908,21091,35,055,2023
15290,46250,7238,35,057,2023
4039,45319,2091,35,059,2023
77382,58333,30396,35,061,2023
315374,83149,146959,36,001,2023
47027,61233,23538,36,003,2023
1419250,49036,553231,36,005,2023
197738,61059,92889,36,007,2023
76479,58248,40279,36,009,2023
75464,66583,36768,36,011,2023
126329,56507,66328,36,013,2023
82805,63469,39143,36,015,2023
46685,62093,24460,36,017,2023
78961,69208,37461,36,019,2023
61245,83619,33331,36,021,2023
46401,67527,20842,36,023,2023
44551,60226,30038,36,025,2023
297144,97273,122636,36,027,2023
950044,71175,439987,36,029,2023
37077,70215,25318,36,031,2023
47066,63747,25442,36,033,2023
52787,62615,28169,36,035,2023
57943,72055,26090,36,037,2023
47554,74011,29037,36,039,2023
5102,68950,7893,36,041,2023
59932,68858,32449,36,043,2023
116130,64978,61721,36,045,2023
2646306,78548,1090187,36,047,2023
26618,68329,15572,36,049,2023
61588,72464,27198,36,051,2023
67572,73141,30676,36,053,2023
754068,74409,337688,36,055,2023
49461,62923,22944,36,057,2023
1388138,143408,477860,36,059,2023
1627788,104553,918806,36,061,2023
211341,67809,100335,36,063,2023
229645,68819,105285,36,065,2023
471611,74740,211683,36,067,2023
112405,79814,53001,36,069,2023
403840,96497,148460,36,071,2023
39686,63838,18275,36,073,2023
117945,68461,54697,36,075,2023
59738,67086,30011,36,077,2023
97988,127405,38369,36,079,2023
2330124,84961,903598,36,081,2023
160341,86663,74388,36,083,2023
492734,98290,184074,36,085,2023
338936,110631,108576,36,087,2023
107796,61900,51884,36,089,2023
237075,99653,111127,36,091,2023
159603,76989,71051,36,093,2023
29979,71188,16544,36,095,2023
17749,65625,9691,36,097,2023
33125,66007,16148,36,099,2023
93034,64740,47565,36,101,2023
1525680,128329,579790,36,103,2023
79147,69826,49667,36,105,2023
48106,71791,21966,36,107,2023
102879,73012,47362,36,109,2023
182109,81804,86178,36,111,2023
65560,78239,40177,36,113,2023
60883,72342,29111,36,115,2023
91128,73914,42375,36,117,2023
996888,118411,391861,36,119,2023
39980,68913,18204,36,121,2023
24637,67521,13143,36,123,2023
174286,64445,75456,37,001,2023
36440,65268,16126,37,003,2023
11075,44272,7752,37,005,2023
21903,44245,9932,37,007,2023
26831,50827,17111,37,009,2023
17643,57657,14051,37,011,2023
44597,57997,24385,37,013,2023
17482,45931,8988,37,015,2023
29591,44528,15272,37,017,2023
145889,74034,93977,37,019,2023
271790,70578,132191,37,021,2023
87863,55684,40058,37,023,2023
231262,86084,91339,37,025,2023
80618,55401,37231,37,027,2023
10743,87781,4226,37,029,2023
68652,70235,51615,37,031,2023
22689,59407,10490,37,033,2023
162051,64544,72028,37,035,2023
78319,88534,35013,37,037,2023
29197,51496,18182,37,039,2023
13814,56982,7169,37,041,2023
11391,53645,7410,37,043,2023
100170,55769,43999,37,045,2023
50453,48184,23560,37,047,2023
101074,64635,47404,37,049,2023
336749,58780,143184,37,051,2023
29612,91548,16636,37,053,2023
37534,81214,34839,37,055,2023
171063,62426,75615,37,057,2023
43526,73234,19079,37,059,2023
49053,51880,23823,37,061,2023
329405,79501,149150,37,063,2023
48777,48480,23258,37,065,2023
386740,65541,173220,37,067,2023
71962,71386,30790,37,069,2023
231485,65472,100109,37,071,2023
10437,61612,4809,37,073,2023
8041,49038,5244,37,075,2023
61439,70975,24582,37,077,2023
20421,50904,7909,37,079,2023
542987,66027,235833,37,081,2023
48219,45071,24849,37,083,2023
136503,69012,54051,37,085,2023
62432,61001,35307,37,087,2023
117387,67623,57338,37,089,2023
20492,47472,9831,37,091,2023
53102,60095,20583,37,093,2023
4625,47338,3168,37,095,2023
191800,78678,81785,37,097,2023
43089,53479,27385,37,099,2023
226623,79838,88314,37,101,2023
9245,55659,4675,37,103,2023
64565,63060,26854,37,105,2023
54917,44795,26767,37,107,2023
90359,78490,38589,37,109,2023
44679,55527,21475,37,111,2023
37533,53298,27070,37,113,2023
21640,58628,11201,37,115,2023
21773,46793,11100,37,117,2023
1130906,83765,491721,37,119,2023
14973,58089,8673,37,121,2023
25874,55849,14930,37,123,2023
102840,82837,49419,37,125,2023
95451,60704,43537,37,127,2023
231214,72892,117236,37,129,2023
17212,47935,10620,37,131,2023
208537,64568,85917,37,133,2023
147292,88553,62127,37,135,2023
12315,61624,7239,37,137,2023
40830,63912,17565,37,139,2023
63475,76838,31007,37,141,2023
13146,61224,6918,37,143,2023
39275,64927,18482,37,145,2023
172279,58851,81656,37,147,2023
19689,61005,10949,37,149,2023
145322,59047,62544,37,151,2023
42818,43626,19840,37,153,2023
116858,40318,48874,37,155,2023
91585,55796,43685,37,157,2023
148487,63196,64263,37,159,2023
64850,49771,32682,37,161,2023
59245,53159,25739,37,163,2023
34353,43500,14421,37,165,2023
63557,61631,28292,37,167,2023
44889,60039,21353,37,169,2023
71407,56095,33609,37,171,2023
14065,55429,8529,37,173,2023
33243,64523,19147,37,175,2023
3376,43952,2004,37,177,2023
244975,99243,86730,37,179,2023
42361,46943,19423,37,181,2023
1151009,101763,481999,37,183,2023
18751,45279,11543,37,185,2023
10905,41750,6045,37,187,2023
54607,51367,33028,37,189,2023
117606,58082,53134,37,191,2023
65983,50438,31744,37,193,2023
78648,51381,36702,37,195,2023
37419,60321,17165,37,197,2023
18676,54961,11317,37,199,2023
2179,55417,1336,38,001,2023
10794,70230,5706,38,003,2023
5861,68049,2544,38,005,2023
948,81250,527,38,007,2023
6390,83460,3972,38,009,2023
2935,83773,1637,38,011,2023
2163,96339,1403,38,013,2023
98986,84948,43387,38,015,2023
189286,75023,87497,38,017,2023
3663,67064,2115,38,019,2023
4959,63125,2386,38,021,2023
2174,89297,1373,38,023,2023
4043,94688,2116,38,025,2023
2319,55389,1338,38,027,2023
3269,67368,2049,38,029,2023
3372,83412,1782,38,031,2023
1679,76528,906,38,033,2023
72764,68450,33736,38,035,2023
2276,56750,1642,38,037,2023
2340,64737,1353,38,039,2023
2453,70827,1438,38,041,2023
2374,61850,1651,38,043,2023
4107,70263,2074,38,045,2023
1848,61339,1068,38,047,2023
5264,80614,2832,38,049,2023
2512,64236,1701,38,051,2023
14280,88289,7691,38,053,2023
9807,81847,5794,38,055,2023
8341,79405,4657,38,057,2023
33479,79483,15334,38,059,2023
9567,81292,5073,38,061,2023
3015,68051,1798,38,063,2023
1821,76953,912,38,065,2023
6787,66884,3517,38,067,2023
3961,63214,2077,38,069,2023
11563,61319,5875,38,071,2023
5662,74521,2538,38,073,2023
2277,76311,1312,38,075,2023
16550,72524,7552,38,077,2023
12065,57355,4601,38,079,2023
3822,77697,1997,38,081,2023
1327,67361,824,38,083,2023
3789,41676,1276,38,085,2023
795,62500,458,38,087,2023
33116,80744,15455,38,089,2023
1731,80313,1120,38,091,2023
21525,60172,10397,38,093,2023
2113,63017,1263,38,095,2023
7980,88289,3656,38,097,2023
10488,69976,5207,38,099,2023
69232,79273,32372,38,101,2023
3942,61346,2250,38,103,2023
39368,90224,20291,38,105,2023
27510,49521,12737,39,001,2023
101685,62001,44697,39,003,2023
52296,64991,22517,39,005,2023
97343,55507,46362,39,007,2023
61573,53837,26466,39,009,2023
46209,76454,20034,39,011,2023
65982,58411,31599,39,013,2023
43710,69990,19460,39,015,2023
389910,81194,154777,39,017,2023
26731,64675,13391,39,019,2023
38772,74239,16904,39,021,2023
135445,60846,61092,39,023,2023
209862,83178,87534,39,025,2023
42014,68125,17966,39,027,2023
101203,58474,46133,39,029,2023
36679,54687,16321,39,031,2023
41767,55477,19844,39,033,2023
1249418,62823,615513,39,035,2023
51655,64654,22643,39,037,2023
38258,73615,16570,39,039,2023
221160,130088,84215,39,041,2023
74938,68431,38400,39,043,2023
161289,87069,63397,39,045,2023
28880,60047,12694,39,047,2023
1321635,73795,588892,39,049,2023
42434,72866,17708,39,051,2023
29162,56455,13454,39,053,2023
95479,100783,37617,39,055,2023
168531,85218,71925,39,057,2023
38283,55756,19024,39,059,2023
827878,70816,380414,39,061,2023
74885,69699,33871,39,063,2023
30527,58001,12921,39,065,2023
14408,53851,7397,39,067,2023
27581,79267,12053,39,069,2023
43403,62008,19005,39,071,2023
27938,61366,13014,39,073,2023
44312,74774,14560,39,075,2023
58412,65972,25575,39,077,2023
32588,58409,14490,39,079,2023
64855,56983,31118,39,081,2023
62888,73988,26038,39,083,2023
232101,77952,105877,39,085,2023
57385,54842,26538,39,087,2023
180311,81033,73021,39,089,2023
46140,69183,23797,39,091,2023
314588,70693,135584,39,093,2023
428748,60095,200764,39,095,2023
44126,83229,16361,39,097,2023
227063,55576,108077,39,099,2023
65145,57306,27381,39,101,2023
183049,92660,75705,39,103,2023
22072,46701,10669,39,105,2023
42438,78036,18023,39,107,2023
109549,74175,47028,39,109,2023
13308,58962,7147,39,111,2023
535528,64403,252475,39,113,2023
13758,55971,7311,39,115,2023
35214,71047,14615,39,117,2023
86382,59203,38343,39,119,2023
14252,55360,5797,39,121,2023
40161,75728,28762,39,123,2023
18800,68167,8533,39,125,2023
35474,64737,15021,39,127,2023
59407,72927,22591,39,129,2023
27080,49552,12071,39,131,2023
161421,72822,71040,39,133,2023
40802,71237,18106,39,135,2023
34352,82785,13870,39,137,2023
125138,57649,54616,39,139,2023
76748,59819,32042,39,141,2023
58770,62500,26475,39,143,2023
73118,49571,33153,39,145,2023
54861,65020,23968,39,147,2023
48007,72822,20113,39,149,2023
373764,65740,167525,39,151,2023
538087,71016,247239,39,153,2023
201367,55088,94510,39,155,2023
92585,64494,40840,39,157,2023
65293,109506,24298,39,159,2023
28824,65344,12574,39,161,2023
12686,53813,5937,39,163,2023
246364,107843,94910,39,165,2023
59318,61355,27979,39,167,2023
116618,71769,46804,39,169,2023
36862,61834,16574,39,171,2023
131795,73124,57282,39,173,2023
21699,71878,9885,39,175,2023
19595,48028,8123,40,001,2023
5685,67870,2480,40,003,2023
14255,52034,6015,40,005,2023
5041,64266,2467,40,007,2023
22202,52323,10120,40,009,2023
8603,59304,4590,40,011,2023
47237,54280,20605,40,013,2023
26626,52817,11577,40,015,2023
162621,85427,60990,40,017,2023
48255,58856,21619,40,019,2023
47621,53668,22273,40,021,2023
14299,45456,7115,40,023,2023
2247,57204,1368,40,025,2023
297545,74446,123193,40,027,2023
5275,48162,2581,40,029,2023
121699,59000,52647,40,031,2023
5475,60313,2707,40,033,2023
14215,50182,6382,40,035,2023
72353,61849,31387,40,037,2023
28332,57562,12946,40,039,2023
41017,55114,24282,40,041,2023
4433,60550,2195,40,043,2023
3717,56992,2125,40,045,2023
62322,67302,27782,40,047,2023
25779,57127,12073,40,049,2023
55868,75730,23332,40,051,2023
4137,61824,2175,40,053,2023
5498,60183,2614,40,055,2023
2452,54286,1358,40,057,2023
3231,59191,1714,40,059,2023
11667,49930,5675,40,061,2023
13411,47923,5782,40,063,2023
24730,61497,12046,40,065,2023
5377,48750,2742,40,067,2023
10334,50911,4710,40,069,2023
43731,56673,20923,40,071,2023
15288,70617,6426,40,073,2023
8458,42063,4684,40,075,2023
9495,41048,4682,40,077,2023
48728,50027,21168,40,079,2023
33917,59425,14516,40,081,2023
50905,82735,19362,40,083,2023
10196,62940,4724,40,085,2023
43779,84778,17125,40,087,2023
30825,50175,14019,40,089,2023
19237,46203,11877,40,091,2023
7656,69229,3713,40,093,2023
15628,56495,8817,40,095,2023
39406,57279,18365,40,097,2023
13807,61904,6546,40,099,2023
66471,51999,29363,40,101,2023
10909,70071,5067,40,103,2023
9392,52679,4383,40,105,2023
11304,45441,4779,40,107,2023
800487,65374,356997,40,109,2023
36922,53123,16708,40,111,2023
45963,60482,19801,40,113,2023
30360,48656,13695,40,115,2023
15689,57551,7337,40,117,2023
82290,48937,36900,40,119,2023
43629,54787,22204,40,121,2023
38158,62564,17483,40,123,2023
73011,60828,30163,40,125,2023
10787,44634,5694,40,127,2023
3378,62721,1850,40,129,2023
97235,77688,38706,40,131,2023
23550,46191,10789,40,133,2023
39676,49795,18254,40,135,2023
43314,60236,20311,40,137,2023
20880,59275,8462,40,139,2023
6967,47445,3776,40,141,2023
673708,67317,295318,40,143,2023
84339,78520,33531,40,145,2023
52895,61205,23745,40,147,2023
10857,61980,5131,40,149,2023
8619,50512,4463,40,151,2023
20260,65060,9389,40,153,2023
16796,57844,8687,41,001,2023
96359,76011,40565,41,003,2023
422308,100360,172599,41,005,2023
41343,68705,23251,41,007,2023
53178,86359,21980,41,009,2023
64832,60313,31698,41,011,2023
25651,81675,11524,41,013,2023
23463,64769,13123,41,015,2023
203026,87640,97064,41,017,2023
111807,58983,50257,41,019,2023
2002,64219,1111,41,021,2023
7238,59800,4147,41,023,2023
7515,48338,3718,41,025,2023
23958,82095,10210,41,027,2023
222563,71443,97083,41,029,2023
24973,73051,10455,41,031,2023
88069,59097,39217,41,033,2023
69812,59353,33004,41,035,2023
8254,61222,4223,41,037,2023
382628,69311,168316,41,039,2023
50632,61314,32373,41,041,2023
129794,73396,52740,41,043,2023
31701,49902,11678,41,045,2023
346532,74624,130600,41,047,2023
12249,70217,4813,41,049,2023
803863,86247,367704,41,051,2023
88553,81318,34446,41,053,2023
1908,59500,979,41,055,2023
27471,66551,19093,41,057,2023
80087,68958,31693,41,059,2023
26192,64212,11786,41,061,2023
7532,65559,4334,41,063,2023
26603,63602,12102,41,065,2023
600266,104434,240409,41,067,2023
1434,51250,905,41,069,2023
108122,87084,40744,41,071,2023
105183,81071,43377,42,001,2023
1240476,76393,604558,42,003,2023
65069,64295,32164,42,005,2023
166993,70156,79159,42,007,2023
47503,60302,23568,42,009,2023
429989,77684,171147,42,011,2023
121854,60594,55788,42,013,2023
59971,62482,29421,42,015,2023
645993,111951,256416,42,017,2023
195870,86775,86399,42,019,2023
132355,56292,64494,42,021,2023
4475,47681,3933,42,023,2023
65191,67877,34299,42,025,2023
158041,72748,66023,42,027,2023
540896,123041,210730,42,029,2023
37297,60668,18878,42,031,2023
78902,60181,38160,42,033,2023
37707,58842,18640,42,035,2023
65055,61992,29775,42,037,2023
83189,60254,42188,42,039,2023
264422,85634,110265,42,041,2023
287484,74159,127259,42,043,2023
576195,88576,229390,42,045,2023
30703,64103,16876,42,047,2023
269544,61476,120019,42,049,2023
126967,56093,62060,42,051,2023
6785,50061,6969,42,053,2023
156626,74946,66787,42,055,2023
14545,64798,7129,42,057,2023
35265,66870,16182,42,059,2023
43844,65429,20932,42,061,2023
83213,58739,37672,42,063,2023
44099,56898,22053,42,065,2023
23419,63923,10502,42,067,2023
215834,64691,100013,42,069,2023
555151,83703,217863,42,071,2023
85423,60779,39597,42,073,2023
143592,76350,59582,42,075,2023
375408,77493,150547,42,077,2023
325978,62321,151012,42,079,2023
113570,64412,52692,42,081,2023
40149,61705,19493,42,083,2023
109852,60614,50884,42,085,2023
46074,61415,21425,42,087,2023
167784,82374,79458,42,089,2023
861225,111521,348696,42,091,2023
18079,72926,8117,42,093,2023
315927,86687,128612,42,095,2023
90925,57948,43395,42,097,2023
45988,78824,20010,42,099,2023
1582432,60698,739725,42,101,2023
59691,79318,39948,42,103,2023
16276,59840,12375,42,105,2023
143259,66901,67292,42,107,2023
39711,68435,16033,42,109,2023
73255,59378,37800,42,111,2023
5849,64758,5601,42,113,2023
38349,66930,21335,42,115,2023
41078,62932,21542,42,117,2023
42570,72894,16158,42,119,2023
50096,61626,26203,42,121,2023
38174,59013,21641,42,123,2023
209778,77487,97476,42,125,2023
51189,62182,32054,42,127,2023
353345,72468,168406,42,129,2023
26075,70268,12858,42,131,2023
459312,82238,188608,42,133,2023
50568,110926,21557,44,001,2023
170658,91278,76319,44,003,2023
85095,100859,43554,44,005,2023
658977,78204,277117,44,007,2023
130073,102478,66068,44,009,2023
24352,52112,11718,45,001,2023
171949,67940,78715,45,003,2023
7738,31603,4055,45,005,2023
207218,64683,91008,45,007,2023
13164,43206,6598,45,009,2023
20565,41800,9901,45,011,2023
192123,84819,101177,45,013,2023
238723,82327,97512,45,015,2023
14150,56690,7061,45,017,2023
414711,84320,206299,45,019,2023
56299,49047,24945,45,021,2023
32177,51216,14717,45,023,2023
43575,47620,20655,45,025,2023
31037,48887,16009,45,027,2023
38623,48779,19994,45,029,2023
62754,47419,29645,45,031,2023
28031,44038,12879,45,033,2023
164322,76896,66435,45,035,2023
26508,67092,11317,45,037,2023
20741,46972,10957,45,039,2023
136921,56650,61418,45,041,2023
64200,66734,36704,45,043,2023
537575,74624,233254,45,045,2023
69329,50635,31549,45,047,2023
18555,43059,8622,45,049,2023
368937,64623,211686,45,051,2023
30658,63503,13868,45,053,2023
66924,64343,29623,45,055,2023
100905,74751,42696,45,057,2023
67904,55517,31695,45,059,2023
16330,44145,7587,45,061,2023
300370,75014,130874,45,063,2023
9701,55344,5563,45,065,2023
28900,34501,14418,45,067,2023
26285,36293,12059,45,069,2023
38121,59670,18398,45,071,2023
79566,60193,41514,45,073,2023
83531,43214,41420,45,075,2023
132604,59411,57695,45,077,2023
418725,61699,185196,45,079,2023
18958,52957,9420,45,081,2023
338096,64195,141086,45,083,2023
104853,55990,47288,45,085,2023
26990,41200,13508,45,087,2023
30517,43471,14837,45,089,2023
288559,83060,118063,45,091,2023
2573,74130,1227,46,003,2023
19279,63082,8453,46,005,2023
3354,44569,1232,46,007,2023
7024,61275,2823,46,009,2023
34968,67341,15025,46,011,2023
38079,70239,18009,46,013,2023
5261,74043,2371,46,015,2023
1757,47000,577,46,017,2023
10538,67692,4737,46,019,2023
1481,65000,921,46,021,2023
9281,64850,3664,46,023,2023
3876,62885,1609,46,025,2023
15133,58794,6243,46,027,2023
28556,65080,13388,46,029,2023
3859,43750,1360,46,031,2023
8686,81958,5126,46,033,2023
19936,61401,9550,46,035,2023
5460,62270,3434,46,037,2023
4318,79556,2147,46,039,2023
5230,57928,1927,46,041,2023
2823,78125,1354,46,043,2023
4033,77266,1892,46,045,2023
7179,61056,4101,46,047,2023
2137,58000,1080,46,049,2023
7544,73818,3441,46,051,2023
3993,52432,2199,46,053,2023
1708,59231,872,46,055,2023
6288,83194,2831,46,057,2023
3045,72054,1698,46,059,2023
3473,86375,1289,46,061,2023
1092,74766,702,46,063,2023
17732,78981,7957,46,065,2023
7393,74459,3227,46,067,2023
1305,74279,632,46,069,2023
2826,26686,1018,46,071,2023
1845,75417,1001,46,073,2023
1030,64688,478,46,075,2023
5210,70221,2647,46,077,2023
11052,73792,5747,46,079,2023
26574,66766,14545,46,081,2023
68286,96552,27552,46,083,2023
3717,61169,1561,46,085,2023
5732,80847,2467,46,087,2023
2278,62024,1247,46,089,2023
4355,72500,2430,46,091,2023
30297,74161,12648,46,093,2023
2043,51364,779,46,095,2023
2299,72589,1210,46,097,2023
200689,76074,87043,46,099,2023
6371,77500,2752,46,101,2023
13587,34769,3461,46,102,2023
112081,70768,50655,46,103,2023
3058,65455,1729,46,105,2023
2430,71726,1569,46,107,2023
10219,63691,4823,46,109,2023
2370,69870,1134,46,111,2023
6283,73011,2989,46,115,2023
3012,77000,1541,46,117,2023
1481,70250,908,46,119,2023
9293,39148,2885,46,121,2023
5607,58854,2777,46,123,2023
8772,75283,3899,46,125,2023
16916,84137,7438,46,127,2023
5298,62722,2941,46,129,2023
23379,73855,10497,46,135,2023
2410,47333,895,46,137,2023
78175,63171,35570,47,001,2023
51291,62197,20129,47,003,2023
15948,50435,8544,47,005,2023
14905,49655,5895,47,007,2023
137747,74607,60912,47,009,2023
109743,63789,45411,47,011,2023
39568,50260,20370,47,013,2023
14661,58092,6384,47,015,2023
28461,50391,13107,47,017,2023
56462,48435,27982,47,019,2023
41500,82015,17171,47,021,2023
17452,60543,7251,47,023,2023
32221,46587,15437,47,025,2023
7621,44712,3987,47,027,2023
36503,48416,17883,47,029,2023
58940,60656,25187,47,031,2023
13937,59049,6114,47,033,2023
62529,58475,31037,47,035,2023
709846,75664,345026,47,037,2023
11499,46190,6588,47,039,2023
20551,48484,10033,47,041,2023
55197,73223,23198,47,043,2023
36681,54973,16296,47,045,2023
42653,84764,18087,47,047,2023
18948,50865,9228,47,049,2023
43478,61553,19815,47,051,2023
50610,59009,22500,47,053,2023
30442,61476,14104,47,055,2023
23929,51351,11746,47,057,2023
70919,54071,32470,47,059,2023
13665,45573,6213,47,061,2023
64930,52794,27805,47,063,2023
370913,72568,165605,47,065,2023
6790,31995,3667,47,067,2023
25477,46173,10708,47,069,2023
26939,49149,15096,47,071,2023
57446,55278,27299,47,073,2023
17672,43513,8247,47,075,2023
27906,53471,12944,47,077,2023
32345,48540,17044,47,079,2023
25229,57223,10588,47,081,2023
8293,54475,3960,47,083,2023
19074,59333,8868,47,085,2023
11882,41475,5832,47,087,2023
55835,63084,25223,47,089,2023
18073,52152,8755,47,091,2023
487401,71662,214606,47,093,2023
6691,30500,2497,47,095,2023
24933,49205,10697,47,097,2023
44901,53233,18699,47,099,2023
12784,49477,5746,47,101,2023
35617,63115,16124,47,103,2023
56996,80296,25415,47,105,2023
54135,59674,24027,47,107,2023
25933,50714,12278,47,109,2023
25793,56269,10845,47,111,2023
98845,58189,43919,47,113,2023
29010,58103,13837,47,115,2023
35276,70829,14521,47,117,2023
104855,74162,44841,47,119,2023
13076,58395,6164,47,121,2023
47054,56648,21555,47,123,2023
227957,72365,90226,47,125,2023
6611,66687,2996,47,127,2023
21193,57408,8550,47,129,2023
30570,53102,14343,47,131,2023
22807,46159,10368,47,133,2023
8561,50489,4830,47,135,2023
5062,44591,3362,47,137,2023
17702,60227,8856,47,139,2023
81366,56537,35991,47,141,2023
33299,58133,15311,47,143,2023
54403,66218,25560,47,145,2023
74291,78439,29263,47,147,2023
351591,82588,135336,47,149,2023
21969,42679,9851,47,151,2023
16409,52260,6951,47,153,2023
98802,63829,57809,47,155,2023
922195,62337,403144,47,157,2023
20196,62799,8649,47,159,2023
13859,62052,6698,47,161,2023
159693,56802,75917,47,163,2023
200553,86005,81376,47,165,2023
61339,71736,24204,47,167,2023
11805,63190,3866,47,169,2023
17779,50381,8740,47,171,2023
20141,61858,9719,47,173,2023
6293,60281,2915,47,175,2023
41587,54088,18343,47,177,2023
134693,61051,61426,47,179,2023
16251,52824,7205,47,181,2023
32959,49502,15028,47,183,2023
27764,52206,12158,47,185,2023
254609,131202,94418,47,187,2023
153587,94048,60976,47,189,2023
57825,58846,20474,48,001,2023
18518,76902,7063,48,003,2023
86791,58847,36798,48,005,2023
24449,61754,15795,48,007,2023
8734,71958,3920,48,009,2023
1883,68462,888,48,011,2023
50058,69413,19005,48,013,2023
30712,75994,14086,48,015,2023
7044,70625,2786,48,017,2023
21589,69703,11507,48,019,2023
102370,82730,38269,48,021,2023
3464,42313,2170,48,023,2023
31000,56075,10607,48,025,2023
379811,66051,151858,48,027,2023
2037344,70571,807160,48,029,2023
12008,87564,6099,48,031,2023
723,64250,352,48,033,2023
18546,69339,9344,48,035,2023
92321,59295,39791,48,037,2023
381650,95155,146587,48,039,2023
237980,58388,99118,48,041,2023
9464,52612,5955,48,043,2023
1223,41188,901,48,045,2023
6987,31310,3856,48,047,2023
38294,55305,19087,48,049,2023
18327,72888,9485,48,051,2023
51064,77158,24577,48,053,2023
47184,68503,17013,48,055,2023
19921,71870,10743,48,057,2023
14017,68455,6523,48,059,2023
423192,51334,157565,48,061,2023
12652,55061,5795,48,063,2023
5802,84583,2792,48,065,2023
28582,54328,13963,48,067,2023
7328,63485,3026,48,069,2023
49178,108114,18144,48,071,2023
51143,59830,20964,48,073,2023
6772,60333,2935,48,075,2023
10402,77355,5154,48,077,2023
2520,42137,1260,48,079,2023
3315,46431,2147,48,081,2023
7765,52364,4902,48,083,2023
1116601,117588,421938,48,085,2023
2733,60165,1471,48,087,2023
20736,68554,10066,48,089,2023
174552,99015,74484,48,091,2023
13786,59946,6940,48,093,2023
3301,59632,1420,48,095,2023
42473,72472,17841,48,097,2023
83772,68904,29180,48,099,2023
1302,58819,972,48,101,2023
4623,59915,1829,48,103,2023
2881,81739,1739,48,105,2023
5072,52197,2668,48,107,2023
2181,42672,959,48,109,2023
7180,72332,3053,48,111,2023
2603816,74149,1053471,48,113,2023
12311,55789,4892,48,115,2023
18487,54114,6993,48,117,2023
5345,62855,2441,48,119,2023
945644,108185,364120,48,121,2023
19853,64014,9222,48,123,2023
1641,50417,1107,48,125,2023
8507,33409,4012,48,127,2023
3276,56648,1950,48,129,2023
9824,50081,4430,48,131,2023
17846,51741,9391,48,133,2023
163206,71031,67542,48,135,2023
1392,38500,903,48,137,2023
203927,95898,72541,48,139,2023
866275,58859,320812,48,141,2023
43244,65351,18515,48,143,2023
17063,55372,7449,48,145,2023
36525,68377,14743,48,147,2023
24783,76541,13210,48,149,2023
3661,64700,2041,48,151,2023
5294,55461,2601,48,153,2023
1079,42212,602,48,155,2023
859721,113409,293694,48,157,2023
10522,66800,5121,48,159,2023
19813,58460,9101,48,161,2023
18019,60098,6378,48,163,2023
21904,76605,7661,48,165,2023
354721,85348,159379,48,167,2023
5435,50545,2094,48,169,2023
27202,67799,14255,48,171,2023
1070,106806,463,48,173,2023
7096,59556,3541,48,175,2023
19764,59355,8976,48,177,2023
21131,56082,9975,48,179,2023
139988,70455,60366,48,181,2023
124860,64809,53590,48,183,2023
30385,67080,12188,48,185,2023
178368,93776,67366,48,187,2023
32247,52788,13399,48,189,2023
2827,46728,1748,48,191,2023
8320,55339,4356,48,193,2023
5182,68299,2284,48,195,2023
3529,61179,1866,48,197,2023
57126,72532,24686,48,199,2023
4758579,73104,1884607,48,201,2023
69584,66040,29530,48,203,2023
5307,82122,1808,48,205,2023
5390,54044,3084,48,207,2023
256429,85827,99775,48,209,2023
3311,72052,1694,48,211,2023
83658,63955,41352,48,213,2023
880921,52281,302173,48,215,2023
36664,63147,16314,48,217,2023
21455,54810,9209,48,219,2023
64198,86802,28796,48,221,2023
37351,64725,15793,48,223,2023
22042,54563,10833,48,225,2023
33127,71457,13999,48,227,2023
3331,39336,1130,48,229,2023
104917,70112,41973,48,231,2023
20413,65470,10175,48,233,2023
1432,58125,795,48,235,2023
8623,65693,3799,48,237,2023
15081,61752,7021,48,239,2023
32807,49919,16558,48,241,2023
1740,32625,1483,48,243,2023
253939,59934,109351,48,245,2023
4797,42230,1931,48,247,2023
38863,47492,16207,48,249,2023
188820,81826,68594,48,251,2023
19968,63472,7060,48,253,2023
14819,59103,5892,48,255,2023
160718,88606,52744,48,257,2023
46971,110498,18797,48,259,2023
52,-666666666,69,48,261,2023
727,71420,484,48,263,2023
53166,67927,25439,48,265,2023
4355,65703,2825,48,267,2023
189,70192,148,48,269,2023
3140,66341,1548,48,271,2023
30629,57612,13984,48,273,2023
3322,56304,1802,48,275,2023
50421,61122,22744,48,277,2023
12919,56997,5893,48,279,2023
22267,76919,9802,48,281,2023
6946,55469,2307,48,283,2023
20479,61768,10499,48,285,2023
17758,66000,7924,48,287,2023
16067,59975,9018,48,289,2023
97993,64773,34765,48,291,2023
22185,58109,10430,48,293,2023
2964,71442,1505,48,295,2023
11444,53869,5971,48,297,2023
22011,65636,15583,48,299,2023
54,51087,47,48,301,2023
314633,63367,136468,48,303,2023
5667,57411,2527,48,305,2023
7565,51919,4216,48,307,2023
263608,63888,107194,48,309,2023
623,45833,326,48,311,2023
13574,67128,5095,48,313,2023
9631,47447,5609,48,315,2023
5230,77083,2207,48,317,2023
3951,68750,2411,48,319,2023
36274,55174,18871,48,321,2023
57770,51270,20258,48,323,2023
52419,73462,19758,48,325,2023
1964,48191,1309,48,327,2023
171496,93984,71565,48,329,2023
25268,59076,11581,48,331,2023
4499,64494,2614,48,333,2023
8989,56033,3697,48,335,2023
20599,62818,10313,48,337,2023
654722,97266,253801,48,339,2023
21234,61325,8221,48,341,2023
12014,55082,5812,48,343,2023
1267,62857,746,48,345,2023
64897,51528,28995,48,347,2023
53735,59310,21790,48,349,2023
12193,41044,6460,48,351,2023
14565,50160,7129,48,353,2023
352829,66021,153109,48,355,2023
9852,64988,4340,48,357,2023
2097,76402,791,48,359,2023
84993,73372,37681,48,361,2023
28920,64972,15147,48,363,2023
22624,62593,10818,48,365,2023
158079,102099,58786,48,367,2023
9752,68164,3753,48,369,2023
14983,67689,5853,48,371,2023
51780,59066,25677,48,373,2023
116634,50448,49133,48,375,2023
6043,29014,3380,48,377,2023
12505,64874,5858,48,379,2023
143791,80905,61137,48,381,2023
3259,70288,1379,48,383,2023
2821,45417,1829,48,385,2023
11621,46912,6186,48,387,2023
13219,56056,5118,48,389,2023
6693,58016,3328,48,391,2023
785,66118,392,48,393,2023
16973,66250,8559,48,395,2023
116931,124917,41426,48,397,2023
9880,63490,4989,48,399,2023
52613,67506,21258,48,401,2023
9998,59924,7665,48,403,2023
7889,46338,4799,48,405,2023
27983,59526,14487,48,407,2023
69519,67512,29954,48,409,2023
5802,54855,2848,48,411,2023
2426,90141,1290,48,413,2023
16633,62689,6896,48,415,2023
3169,64659,1572,48,417,2023
24108,50436,11530,48,419,2023
2434,74167,1117,48,421,2023
238014,71923,98672,48,423,2023
9510,83382,3967,48,425,2023
65809,38182,23008,48,427,2023
9278,54695,4669,48,429,2023
1389,78750,508,48,431,2023
1244,61250,733,48,433,2023
3306,75000,1740,48,435,2023
6981,39031,3038,48,437,2023
2135743,81905,827874,48,439,2023
144259,66406,61581,48,441,2023
851,46989,663,48,443,2023
11699,45905,4796,48,445,2023
1589,58864,960,48,447,2023
31284,59220,12110,48,449,2023
119398,66254,51949,48,451,2023
1307625,97169,594638,48,453,2023
13850,51663,8261,48,455,2023
20084,50647,9499,48,457,2023
41864,62794,17444,48,459,2023
3227,52321,1629,48,461,2023
24810,57849,10092,48,463,2023
47647,59673,18631,48,465,2023
61323,68274,25708,48,467,2023
91281,70101,39238,48,469,2023
78292,49862,29626,48,471,2023
59455,76135,19946,48,473,2023
11255,71719,5137,48,475,2023
36156,75085,17371,48,477,2023
267731,62506,86727,48,479,2023
41651,66100,17546,48,481,2023
4902,67964,2595,48,483,2023
129842,62168,55664,48,485,2023
12712,51626,5848,48,487,2023
20218,45645,6854,48,489,2023
643889,108309,251600,48,491,2023
51501,92461,19259,48,493,2023
7540,91898,3209,48,495,2023
72359,89897,27196,48,497,2023
46094,62524,22267,48,499,2023
7589,82261,3015,48,501,2023
17963,63723,8550,48,503,2023
13855,36527,6218,48,505,2023
9532,41887,3951,48,507,2023
7172,85603,2928,49,001,2023
59725,77865,20280,49,003,2023
137031,78292,45454,49,005,2023
20446,53673,9629,49,007,2023
747,58750,1155,49,009,2023
366742,108058,118581,49,011,2023
19932,74738,8943,49,013,2023
9968,69956,4099,49,015,2023
5170,61688,3589,49,017,2023
9697,62521,5333,49,019,2023
60201,65527,22824,49,021,2023
12273,89803,3972,49,023,2023
7996,75000,6264,49,025,2023
13179,70877,4990,49,027,2023
12585,126092,3833,49,029,2023
1705,44650,892,49,031,2023
2588,76875,3217,49,033,2023
1184689,94658,440166,49,035,2023
14466,54890,5612,49,037,2023
29209,67459,10442,49,039,2023
21854,73765,8705,49,041,2023
42709,137058,26206,49,043,2023
76648,101846,24138,49,045,2023
36458,69861,13775,49,047,2023
683622,96877,203308,49,049,2023
35808,115146,15446,49,051,2023
189827,76411,78993,49,053,2023
2557,70074,1713,49,055,2023
266183,87083,98595,49,057,2023
37497,88478,17521,50,001,2023
37312,71494,20877,50,003,2023
30425,66075,16084,50,005,2023
168831,94310,74025,50,007,2023
5972,58985,4914,50,009,2023
50379,79078,22850,50,011,2023
7393,90625,5301,50,013,2023
26036,69897,14138,50,015,2023
29594,77328,15021,50,017,2023
27492,66426,16630,50,019,2023
60484,64778,33974,50,021,2023
59958,79853,30860,50,023,2023
45913,68021,30104,50,025,2023
57968,75247,34773,50,027,2023
33326,57500,21897,51,001,2023
113683,102617,48360,51,003,2023
14962,55160,7916,51,005,2023
13342,66339,5770,51,007,2023
31385,67298,14301,51,009,2023
16424,62337,7380,51,011,2023
235463,140160,120746,51,013,2023
77713,79972,32890,51,015,2023
4123,61709,3336,51,017,2023
80254,77644,37383,51,019,2023
6211,61375,3205,51,021,2023
33875,80467,15010,51,023,2023
15868,52978,7935,51,025,2023
19857,42216,10340,51,027,2023
16914,59199,7233,51,029,2023
55398,62608,25363,51,031,2023
31541,86267,12693,51,033,2023
29158,52575,16645,51,035,2023
6686,70339,3269,51,036,2023
11475,48892,5973,51,037,2023
371610,98910,142572,51,041,2023
15060,114185,6478,51,043,2023
4881,67778,2397,51,045,2023
53563,96098,19529,51,047,2023
9745,57057,4695,51,049,2023
13920,43831,7352,51,051,2023
28083,83898,11896,51,053,2023
10604,56481,5785,51,057,2023
1144474,150113,428352,51,059,2023
73935,129495,28454,51,061,2023
15560,61401,7946,51,063,2023
27764,91959,11329,51,065,2023
54958,68348,28344,51,067,2023
93355,95603,36617,51,069,2023
16610,64819,8316,51,071,2023
39228,83689,17204,51,073,2023
25613,118695,10913,51,075,2023
15323,42864,8961,51,077,2023
20850,85268,8687,51,079,2023
11304,56759,4012,51,081,2023
33811,49244,17382,51,083,2023
111652,109504,43983,51,085,2023
334434,86397,142964,51,087,2023
50365,48445,25445,51,089,2023
2265,62946,1839,51,091,2023
39444,96118,16827,51,093,2023
80046,107046,34400,51,095,2023
6676,72851,3485,51,097,2023
27468,110517,10540,51,099,2023
18232,85212,7605,51,101,2023
10876,67169,7483,51,103,2023
22042,42269,10857,51,105,2023
427082,178707,144804,51,107,2023
39012,80343,18047,51,109,2023
11990,54460,5903,51,111,2023
13931,82972,6110,51,113,2023
8517,75487,5486,51,115,2023
30431,51691,19184,51,117,2023
10774,74154,7140,51,119,2023
99159,70769,42229,51,121,2023
14777,68525,9947,51,125,2023
24139,120125,9495,51,127,2023
12115,55933,7456,51,131,2023
12085,69500,9009,51,133,2023
15597,62161,6683,51,135,2023
37208,94175,15895,51,137,2023
23750,59396,11878,51,139,2023
17606,50938,10006,51,141,2023
60148,54115,29468,51,143,2023
31074,110667,11841,51,145,2023
21932,55082,9171,51,147,2023
42873,88225,13444,51,149,2023
484625,128873,160256,51,153,2023
33771,60767,17039,51,155,2023
7409,98125,3848,51,157,2023
9047,64184,3959,51,159,2023
96793,82931,42251,51,161,2023
22578,63975,11315,51,163,2023
84739,78468,36095,51,165,2023
25635,49020,12772,51,167,2023
21504,45136,11776,51,169,2023
44630,64437,21319,51,171,2023
29585,46859,15080,51,173,2023
17988,68465,7774,51,175,2023
143876,109576,54020,51,177,2023
160520,133792,53864,51,179,2023
6552,71458,3438,51,181,2023
10793,62821,4672,51,183,2023
39933,45788,19804,51,185,2023
41104,84331,16936,51,187,2023
53913,62774,25505,51,191,2023
18683,59766,11300,51,193,2023
35727,50740,16659,51,195,2023
28219,55359,14016,51,197,2023
70590,108326,28211,51,199,2023
156788,113638,80570,51,510,2023
17024,44706,8654,51,520,2023
6612,54458,2944,51,530,2023
45863,69829,21559,51,540,2023
251153,94189,95997,51,550,2023
18210,76250,8126,51,570,2023
5671,42724,3038,51,580,2023
42239,42778,22309,51,590,2023
5633,49375,2824,51,595,2023
24478,132774,9317,51,600,2023
14593,154734,6360,51,610,2023
8212,65125,3897,51,620,2023
28383,85368,12308,51,630,2023
6698,41438,3213,51,640,2023
137334,67758,62503,51,650,2023
51492,59752,18654,51,660,2023
22944,48681,10434,51,670,2023
7420,89598,2644,51,678,2023
79255,59808,34009,51,680,2023
42674,117919,14426,51,683,2023
16923,100668,5525,51,685,2023
13584,42434,7031,51,690,2023
184774,66718,81850,51,700,2023
235037,64017,102542,51,710,2023
3620,38497,1748,51,720,2023
33365,50741,18026,51,730,2023
12556,120919,4945,51,735,2023
97299,58972,43233,51,740,2023
16505,52791,6457,51,750,2023
227595,62671,112848,51,760,2023
98677,52671,48931,51,770,2023
25477,66716,11096,51,775,2023
25765,62586,12352,51,790,2023
96638,90089,39651,51,800,2023
457066,90685,190734,51,810,2023
22574,56364,10395,51,820,2023
15564,70206,5767,51,830,2023
27981,64648,12468,51,840,2023
20690,65042,6844,53,001,2023
22424,69107,10165,53,003,2023
210224,87316,81792,53,005,2023
79518,78306,38129,53,007,2023
77593,67999,38295,53,009,2023
510516,94948,201114,53,011,2023
3996,71528,2218,53,013,2023
111539,72932,45884,53,015,2023
43733,80374,17721,53,017,2023
7326,54650,4105,53,019,2023
97676,82755,30488,53,021,2023
2326,62411,1223,53,023,2023
100428,71115,39496,53,025,2023
76397,63539,36568,53,027,2023
86747,88358,42398,53,029,2023
33313,71143,19359,53,031,2023
2262713,122148,988330,53,033,2023
276581,98546,115329,53,035,2023
44736,69928,24326,53,037,2023
23082,70400,10722,53,039,2023
83925,69690,36037,53,041,2023
11271,71227,5840,53,043,2023
66968,78359,33751,53,045,2023
42811,60293,22015,53,047,2023
23750,62350,16220,53,049,2023
13811,63750,8036,53,051,2023
924106,96632,365748,53,053,2023
18266,83682,13951,53,055,2023
130407,85474,56472,53,057,2023
12276,90085,5899,53,059,2023
834648,107982,327893,53,061,2023
544323,73513,228156,53,063,2023
47470,67405,22577,53,065,2023
296640,93985,123333,53,067,2023
4573,57091,2207,53,069,2023
62102,72212,25219,53,071,2023
228432,80989,101928,53,073,2023
47042,52893,21232,53,075,2023
256605,68015,91647,53,077,2023
15454,48347,7131,54,001,2023
126165,77329,52511,54,003,2023
21312,56152,10167,54,005,2023
12345,44449,6278,54,007,2023
22053,52116,10700,54,009,2023
93300,52828,46084,54,011,2023
6158,41421,3199,54,013,2023
7946,42790,3945,54,015,2023
7767,61164,3248,54,017,2023
39987,52672,19134,54,019,2023
7376,50991,3118,54,021,2023
10972,61530,5660,54,023,2023
32688,48662,17883,54,025,2023
23340,60299,12581,54,027,2023
28658,61017,14218,54,029,2023
14236,49302,8217,54,031,2023
65407,58326,30537,54,033,2023
27753,55671,12882,54,035,2023
58546,95523,24276,54,037,2023
178198,58887,90388,54,039,2023
16808,52279,8188,54,041,2023
20170,48593,9581,54,043,2023
31826,47237,14806,54,045,2023
18413,29980,9380,54,047,2023
56042,67537,26283,54,049,2023
30129,60329,14736,54,051,2023
25214,53454,12192,54,053,2023
59062,47799,29358,54,055,2023
26922,68049,12526,54,057,2023
22979,39527,11554,54,059,2023
106520,62704,49795,54,061,2023
12401,54508,6263,54,063,2023
17327,63805,9182,54,065,2023
24446,49280,12540,54,067,2023
41904,57867,21179,54,069,2023
6111,61738,3708,54,071,2023
7572,61038,3218,54,073,2023
7855,41200,6846,54,075,2023
34204,61373,15215,54,077,2023
57250,77871,24891,54,079,2023
73666,52055,34637,54,081,2023
27782,55057,13090,54,083,2023
8372,50256,4187,54,085,2023
13921,45194,7157,54,087,2023
11833,42544,6556,54,089,2023
16543,56807,7440,54,091,2023
6698,53475,4665,54,093,2023
8181,58293,4144,54,095,2023
23758,51859,11237,54,097,2023
38498,55539,18238,54,099,2023
8253,42061,4408,54,101,2023
14233,53341,7302,54,103,2023
5131,54688,2723,54,105,2023
83829,56193,40296,54,107,2023
20948,48038,9975,54,109,2023
20928,59153,16873,55,001,2023
16050,57645,9402,55,003,2023
46741,64619,23966,55,005,2023
16410,69609,13285,55,007,2023
269425,77490,114123,55,009,2023
13341,68722,6546,55,011,2023
16741,61664,15328,55,013,2023
52626,87700,22163,55,015,2023
66558,74009,29017,55,017,2023
34736,66250,14842,55,019,2023
58322,82792,26826,55,021,2023
16064,63496,8705,55,023,2023
564777,88108,254880,55,025,2023
88818,73992,38290,55,027,2023
30279,71785,23996,55,029,2023
44197,72579,22997,55,031,2023
45349,71785,18812,55,033,2023
106328,71834,45818,55,035,2023
4617,62786,4659,55,037,2023
104053,73154,45908,55,039,2023
9261,59727,8696,55,041,2023
51678,64349,22192,55,043,2023
37036,80248,16382,55,045,2023
19165,66917,10731,55,047,2023
23832,83372,11007,55,049,2023
6164,59058,5572,55,051,2023
20971,65508,9693,55,053,2023
85867,80604,36649,55,055,2023
26695,65150,14639,55,057,2023
168413,79412,72897,55,059,2023
20621,80085,9325,55,061,2023
120262,70704,53234,55,063,2023
16788,72091,7193,55,065,2023
19473,57258,12202,55,067,2023
28403,67726,16233,55,069,2023
81314,68611,37960,55,071,2023
138067,76185,60296,55,073,2023
41907,63401,29372,55,075,2023
15706,63471,9841,55,077,2023
4256,59528,2148,55,078,2023
927656,62118,423838,55,079,2023
46169,68213,19918,55,081,2023
39329,75886,23998,55,083,2023
38007,69621,30746,55,085,2023
191537,82857,79900,55,087,2023
92345,96734,39415,55,089,2023
7372,74536,3603,55,091,2023
42351,88802,17052,55,093,2023
45327,76208,24377,55,095,2023
70375,73284,31496,55,097,2023
14077,58720,10799,55,099,2023
196888,75331,84558,55,101,2023
17229,62649,8542,55,103,2023
163944,74390,70694,55,105,2023
14146,58322,8679,55,107,2023
94819,102482,38185,55,109,2023
65759,77648,31091,55,111,2023
18243,59055,16114,55,113,2023
40927,67032,20430,55,115,2023
117783,71898,52549,55,117,2023
19972,63142,9453,55,119,2023
30786,71295,13373,55,121,2023
30915,69556,13939,55,123,2023
23410,67132,24783,55,125,2023
105447,77359,53508,55,127,2023
16749,61270,12823,55,129,2023
137320,95851,58766,55,131,2023
409040,104100,173567,55,133,2023
51714,71189,25620,55,135,2023
24752,64968,14804,55,137,2023
171357,72873,76770,55,139,2023
74039,66417,34662,55,141,2023
37713,59881,18735,56,001,2023
11737,60547,5370,56,003,2023
47018,95253,19952,56,005,2023
14549,66721,8220,56,007,2023
13759,79164,6643,56,009,2023
7339,71209,3673,56,011,2023
39472,64646,17471,56,013,2023
12587,64882,5860,56,015,2023
4618,64375,2490,56,017,2023
8602,63905,4635,56,019,2023
100661,77884,45032,56,021,2023
20158,86092,9763,56,023,2023
79735,71247,37101,56,025,2023
2415,48987,1378,56,027,2023
30109,70533,14813,56,029,2023
8606,66299,4656,56,031,2023
31585,70855,15236,56,033,2023
8806,82791,5239,56,035,2023
41786,76464,19226,56,037,2023
23358,112681,13503,56,039,2023
20605,82672,8868,56,041,2023
7708,62648,3850,56,043,2023
6835,87545,3417,56,045,2023
17975,18605,7699,72,001,2023
37904,21694,17417,72,003,2023
54486,19826,27766,72,005,2023
23888,22361,10641,72,007,2023
24610,21714,10417,72,009,2023
25316,23591,12273,72,011,2023
86875,23175,41415,72,013,2023
15573,18931,8087,72,015,2023
22565,21750,10216,72,017,2023
28984,22167,11378,72,019,2023
183456,30729,84738,72,021,2023
46955,25720,28094,72,023,2023
126239,30113,58929,72,025,2023
32753,26094,14213,72,027,2023
42037,27278,17915,72,029,2023
153226,35126,77274,72,031,2023
22768,24307,11011,72,033,2023
41231,28461,19885,72,035,2023
11128,23204,7257,72,037,2023
16874,20614,7276,72,039,2023
39765,27149,16678,72,041,2023
34294,20797,16061,72,043,2023
18775,17254,7586,72,045,2023
34474,23933,13371,72,047,2023
1281,27614,1449,72,049,2023
35816,33388,15894,72,051,2023
31756,25170,18649,72,053,2023
11624,21213,5031,72,054,2023
13266,16210,9017,72,055,2023
35845,20273,18227,72,057,2023
17418,21400,8265,72,059,2023
89503,46048,41194,72,061,2023
40383,39532,17343,72,063,2023
38266,28001,17001,72,065,2023
15520,24862,7570,72,067,2023
50441,26083,26715,72,069,2023
42878,20484,20638,72,071,2023
14653,18413,6276,72,073,2023
46276,23823,19046,72,075,2023
36895,28196,16164,72,077,2023
23133,18920,12129,72,079,2023
27944,19323,12448,72,081,2023
8790,16170,3992,72,083,2023
35034,25697,15124,72,085,2023
23176,22500,11324,72,087,2023
17631,23769,10417,72,089,2023
39152,20352,18740,72,091,2023
5176,20541,2576,72,093,2023
10482,19363,5019,72,095,2023
71824,17963,41057,72,097,2023
37402,21415,16542,72,099,2023
28534,23010,12266,72,101,2023
23205,21416,11220,72,103,2023
29246,21399,10862,72,105,2023
21351,19062,9040,72,107,2023
15753,23422,8067,72,109,2023
20082,20959,8616,72,111,2023
134676,18827,66944,72,113,2023
23486,23624,10619,72,115,2023
15276,25223,9163,72,117,2023
46478,26745,22782,72,119,2023
22541,20564,10949,72,121,2023
25397,21611,13152,72,123,2023
31514,17921,15808,72,125,2023
338661,26981,193011,72,127,2023
37515,21320,16346,72,129,2023
39168,17834,18533,72,131,2023
20064,23197,9178,72,133,2023
66536,33349,26786,72,135,2023
73987,29648,35263,72,137,2023
67329,38773,29887,72,139,2023
27896,17624,13285,72,141,2023
35114,25235,16323,72,143,2023
54058,23877,25767,72,145,2023
8147,17531,5242,72,147,2023
21778,24882,9188,72,149,2023
29868,21279,14165,72,151,2023
33509,21918,17199,72,153,2023
